-- phpMyAdmin SQL Dump
-- version 4.2.7.1
-- http://www.phpmyadmin.net
--
-- Host: 127.0.0.1
-- Generation Time: Nov 15, 2016 at 03:03 AM
-- Server version: 5.6.20
-- PHP Version: 5.5.15

SET SQL_MODE = "NO_AUTO_VALUE_ON_ZERO";
SET time_zone = "+00:00";


/*!40101 SET @OLD_CHARACTER_SET_CLIENT=@@CHARACTER_SET_CLIENT */;
/*!40101 SET @OLD_CHARACTER_SET_RESULTS=@@CHARACTER_SET_RESULTS */;
/*!40101 SET @OLD_COLLATION_CONNECTION=@@COLLATION_CONNECTION */;
/*!40101 SET NAMES utf8 */;

--
-- Database: `plan`
--

-- --------------------------------------------------------

--
-- Table structure for table `actions`
--

CREATE TABLE IF NOT EXISTS `actions` (
`ac_id` int(11) NOT NULL,
  `ac_name` varchar(255) DEFAULT NULL,
  `plans_p_id` int(11) NOT NULL,
  `ac_type` varchar(45) DEFAULT NULL,
  `ac_status` varchar(45) DEFAULT NULL,
  `ac_rate` varchar(45) DEFAULT NULL,
  `time_t_id` int(11) NOT NULL,
  `semester` varchar(100) DEFAULT NULL,
  `start_date` date DEFAULT NULL,
  `due_date` date DEFAULT NULL,
  `cat_time` varchar(100) DEFAULT NULL,
  `profit_pr_id` int(11) NOT NULL,
  `number` int(11) DEFAULT NULL,
  `coust` varchar(45) DEFAULT NULL,
  `order` int(11) DEFAULT NULL,
  `notes` text,
  `hidden` int(45) DEFAULT NULL,
  `created_at` timestamp NULL DEFAULT NULL,
  `updated_at` timestamp NULL DEFAULT NULL
) ENGINE=InnoDB  DEFAULT CHARSET=utf8 AUTO_INCREMENT=85 ;

--
-- Dumping data for table `actions`
--

INSERT INTO `actions` (`ac_id`, `ac_name`, `plans_p_id`, `ac_type`, `ac_status`, `ac_rate`, `time_t_id`, `semester`, `start_date`, `due_date`, `cat_time`, `profit_pr_id`, `number`, `coust`, `order`, `notes`, `hidden`, `created_at`, `updated_at`) VALUES
(11, 'ان يتعرف الطلاب المستجدون على المرحلة المتوسطة وعلى مرافق المدرسة', 15, 'اجراء', 'تم الانتهاء', '100', 56, 'الفصل الدراسى الاول', '1437-12-17', '1437-12-17', 'سنوى', 58, 133, '1', 1, 'بدون', NULL, '2016-10-29 10:39:06', '2016-10-29 10:39:06'),
(12, 'حصر الطلاب المعيدين وعقد جلسة ارشادية لهم', 15, 'اجراء', 'تم الانتهاء', '100', 47, 'الفصل الدراسى الاول', '1438-01-08', '1438-01-12', 'سنوى', 58, 12, '0', 1, '0', NULL, '2016-10-29 10:45:13', '2016-10-29 10:45:13'),
(13, 'تنفيذ الحصة التطبيقية لجميع التخصصات', 15, 'اجراء', 'جارى التنفيذ', '25', 47, 'الفصل الدراسى الاول', '1438-01-29', '1438-02-03', 'فصلى', 61, 30, '1', 2, '0', NULL, '2016-10-29 10:51:37', '2016-10-29 10:51:37'),
(14, 'تنفيذ الزيارات التوجيهية لفريق العمل', 15, 'اجراء', 'جارى التنفيذ', '50', 49, 'الفصل الدراسى الاول', '1438-01-15', '1438-02-03', 'فصلى', 61, 35, '1', 1, '1', NULL, '2016-10-31 05:14:07', '2016-10-31 05:14:07'),
(15, 'اسبوع التهيئة الارشادية', 15, 'برنامج', 'تم الانتهاء', '100', 47, 'الفصل الدراسى الاول', '1437-12-17', '1437-12-21', 'سنوى', 58, 139, '0', 2, '', NULL, '2016-10-31 07:52:43', '2016-10-31 07:52:43'),
(16, 'توزيع رسائل ارشادية على الطلاب ', 15, 'اجراء', 'تم الانتهاء', '100', 47, 'الفصل الدراسى الاول', '1437-12-17', '1437-12-21', 'سنوى', 58, 133, '0', 2, '', NULL, '2016-10-31 08:01:22', '2016-10-31 08:01:22'),
(17, 'بطاقة المعلومات الصحية', 15, 'برنامج', 'تم الانتهاء', '100', 47, 'الفصل الدراسى الاول', '1437-12-24', '1437-12-28', 'فصلى', 58, 463, '0', 3, '', NULL, '2016-10-31 08:08:56', '2016-10-31 08:08:56'),
(18, 'برنامج تكافل ', 15, 'برنامج', 'تم الانتهاء', '100', 48, 'الفصل الدراسى الاول', '1438-01-01', '1438-01-12', 'يومى', 58, 9, '0', 4, '', NULL, '2016-10-31 08:17:10', '2016-10-31 08:17:10'),
(19, 'برنامج للطلاب المعيدين دراسيا', 15, 'برنامج', 'تم الانتهاء', '100', 47, 'الفصل الدراسى الاول', '1438-01-15', '1438-01-19', 'فصلى', 58, 6, '3', 6, '', NULL, '2016-10-31 08:35:47', '2016-10-31 08:41:28'),
(24, 'حضور اجتماع التدقيق الداخلي ', 15, 'مهمة', 'تم الانتهاء', '100', 56, 'الفصل الدراسى الاول', '1438-01-02', '1438-01-02', 'فصلى', 60, 2, '0', 1, '0', NULL, '2016-11-01 08:18:41', '2016-11-01 08:18:41'),
(25, 'تهيئة مقار النشاط وترتيب الملفات', 15, 'اجراء', 'تم الانتهاء', '100', 47, 'الفصل الدراسى الاول', '1437-12-17', '1437-12-21', 'فصلى', 58, 400, '0', 1, '', NULL, '2016-11-01 08:28:30', '2016-11-01 08:28:30'),
(26, 'تهيئة الصف الأول المتوسط', 15, 'برنامج', 'تم الانتهاء', '100', 47, 'الفصلين الدراسيين', '1437-12-17', '1437-12-20', 'سنوى', 58, 140, '1200', 2, '', NULL, '2016-11-01 08:32:05', '2016-11-01 08:32:05'),
(27, 'المشاركة في مسابقة السنة النبوية', 15, 'اجراء', 'جارى التنفيذ', '25', 51, 'الفصل الدراسى الاول', '1438-03-26', '1438-03-28', 'سنوى', 58, 10, '1', 1, '0', NULL, '2016-11-05 20:13:08', '2016-11-05 20:13:08'),
(28, 'تنفيذ برنامج التوعية الفكرية', 15, 'برنامج', 'فى الموعد', '0', 51, 'الفصل الدراسى الاول', '1438-04-04', '1438-04-06', 'سنوى', 58, 460, '1', 1, '-', NULL, '2016-11-05 20:18:05', '2016-11-05 20:18:05'),
(29, 'اقامة صلاة الظهر جماعة مع الطلاب والاشراف على أدائها ', 15, 'مهمة', 'جارى التنفيذ', '100', 54, 'الفصلين الدراسيين', '1437-12-17', '1438-09-20', 'يومى', 58, 460, '1', 1, '0', NULL, '2016-11-05 20:26:03', '2016-11-05 20:26:03'),
(30, 'توزيع بطاقة المعلومات الصحية على الطلاب', 15, 'اجراء', 'تم الانتهاء', '100', 47, 'الفصل الدراسى الاول', '1437-12-17', '1437-12-21', 'سنوى', 58, 100, '1', 1, '0', NULL, '2016-11-05 20:34:51', '2016-11-05 20:34:51'),
(31, 'المشاركة الفاعلة في الاحتفال باليوم الوطني', 15, 'برنامج', 'تم الانتهاء', '100', 56, 'الفصل الدراسى الاول', '1437-12-24', '1437-12-24', 'سنوى', 58, 461, '0', 5, 'لا يوجد', NULL, '2016-11-06 05:00:19', '2016-11-06 07:41:25'),
(32, 'الوقاية من التدخين', 15, 'برنامج', 'تم الانتهاء', '100', 56, 'الفصل الدراسى الاول', '1438-01-15', '1438-01-15', 'فصلى', 58, 20, '0', 6, 'لا يوجد', NULL, '2016-11-06 05:11:02', '2016-11-06 05:23:26'),
(33, 'العنف المدرسي', 15, 'برنامج', 'تم الانتهاء', '100', 47, 'الفصل الدراسى الاول', '1438-01-15', '1438-01-18', 'سنوى', 58, 461, '0', 7, 'بدون', NULL, '2016-11-06 05:20:29', '2016-11-06 05:20:29'),
(34, 'برنامج تعديل السلوكيات السلبية', 15, 'برنامج', 'تم الانتهاء', '100', 56, 'الفصل الدراسى الاول', '1438-01-30', '1438-01-30', 'فصلى', 58, 461, '0', 8, '', NULL, '2016-11-06 05:29:06', '2016-11-06 05:29:06'),
(35, 'تنظيم أعمال استقبال طلاب الصف الأول المتوسط', 15, 'برنامج', 'تم الانتهاء', '100', 47, 'الفصل الدراسى الاول', '1437-12-17', '1437-12-21', 'سنوى', 58, 139, '500', 2, '', NULL, '2016-11-06 05:57:24', '2016-11-06 05:57:24'),
(36, 'انطلاق الأولمبياد الوطني للتعرف على الموهوبين', 15, 'اجراء', 'تم الانتهاء', '100', 47, 'الفصل الدراسى الاول', '1437-02-24', '1437-02-28', 'سنوى', 58, 300, '0', 3, '', NULL, '2016-11-06 06:02:02', '2016-11-06 06:02:02'),
(37, 'توزيع رواد الفصول ومشرفي الجماعات', 15, 'اجراء', 'تم الانتهاء', '0', 47, 'الفصلين الدراسيين', '1437-12-17', '1437-12-28', 'سنوى', 58, 400, '0', 4, '', NULL, '2016-11-06 06:06:40', '2016-11-06 06:06:40'),
(38, 'الاحتفاء باليوم الوطني', 15, 'برنامج', 'تم الانتهاء', '0', 47, 'الفصل الدراسى الاول', '1437-12-24', '1437-12-28', 'سنوى', 58, 400, '600', 5, '', NULL, '2016-11-06 06:12:16', '2016-11-06 06:12:16'),
(39, 'تجهيز نشيد لحفل المتفوقين', 15, 'برنامج', 'تم الانتهاء', '0', 48, 'الفصل الدراسى الاول', '1438-01-08', '1438-01-12', 'سنوى', 58, 15, '300', 6, '', NULL, '2016-11-06 06:21:20', '2016-11-06 06:21:20'),
(40, 'الاستعداد لمسابقة الإلقاء', 15, 'برنامج', 'جارى التنفيذ', '0', 47, 'الفصل الدراسى الاول', '1438-01-01', '1438-03-13', 'سنوى', 58, 10, '700', 7, '', NULL, '2016-11-06 06:25:15', '2016-11-06 06:25:15'),
(41, 'الاستعداد لبطو كرة الطائرة', 15, 'برنامج', 'جارى التنفيذ', '0', 47, 'الفصل الدراسى الاول', '1438-01-01', '1438-02-28', 'سنوى', 61, 6, '1200', 8, '', NULL, '2016-11-06 06:30:15', '2016-11-06 06:30:15'),
(42, 'الاستعداد للمسابقات الكشفية', 15, 'برنامج', 'جارى التنفيذ', '0', 50, 'الفصل الدراسى الاول', '1438-01-01', '1438-02-22', 'فصلى', 58, 25, '400', 9, '', NULL, '2016-11-06 06:33:48', '2016-11-06 06:33:48'),
(43, 'برنامج تعزيز السلوكيات الايجابية', 15, 'برنامج', 'جارى التنفيذ', '25', 47, 'الفصل الدراسى الاول', '1438-02-03', '1438-02-17', 'فصلى', 58, 461, '0', 9, 'لايوجد', NULL, '2016-11-06 06:54:40', '2016-11-06 06:54:40'),
(44, 'برنامج للطلاب متكرري التأخر الصباحي', 15, 'برنامج', 'فى الموعد', '0', 56, 'الفصل الدراسى الاول', '1438-02-22', '1438-02-22', 'فصلى', 58, 0, '0', 10, 'لا يوجد', NULL, '2016-11-06 07:02:06', '2016-11-06 07:02:06'),
(45, 'برنامج متكرري الغياب الدراسي', 15, 'برنامج', 'فى الموعد', '0', 56, 'الفصل الدراسى الاول', '1438-02-28', '1438-02-28', 'فصلى', 58, 0, '0', 11, 'لا يوجد', NULL, '2016-11-06 07:06:55', '2016-11-06 07:06:55'),
(46, 'حصر الغياب', 15, 'اجراء', 'جارى التنفيذ', '100', 56, 'الفصلين الدراسيين', '1437-12-17', '1438-09-24', 'يومى', 61, 45, '0', 1, '0', NULL, '2016-11-06 07:21:16', '2016-11-06 07:21:16'),
(47, 'جرد عهد المدرسة', 15, 'مهمة', 'جارى التنفيذ', '0', 52, 'الفصل الدراسى الاول', '1438-03-12', '1438-04-10', 'فصلى', 60, 1, '0', 1, '', NULL, '2016-11-06 08:03:03', '2016-11-06 08:03:03'),
(48, 'صيانة مرافق المدرسة', 15, 'اجراء', 'جارى التنفيذ', '50', 55, 'الفصل الدراسى الاول', '1437-12-17', '1438-04-17', 'فصلى', 58, 1, '1', 1, '', NULL, '2016-11-06 08:06:56', '2016-11-06 08:06:56'),
(49, 'متابعة أعمال لجنة التوجيه والارشاد', 15, 'اجراء', 'جارى التنفيذ', '75', 52, 'الفصل الدراسى الاول', '1438-01-08', '1438-02-08', 'شهرى', 60, 1, '0', 1, '', NULL, '2016-11-06 08:12:33', '2016-11-06 08:12:33'),
(50, 'تفقد نظافة المبنى ومرافقه', 15, 'اجراء', 'جارى التنفيذ', '100', 54, 'الفصلين الدراسيين', '1437-12-17', '1438-09-24', 'يومى', 60, 1, '-2', 1, '', NULL, '2016-11-06 08:24:49', '2016-11-06 08:24:49'),
(51, 'متابعة فعاليات برنامج الاصطفاف الصباحي', 15, 'اجراء', 'جارى التنفيذ', '100', 54, 'الفصلين الدراسيين', '1437-12-17', '1438-08-22', 'يومى', 60, 1, '0', 1, '', NULL, '2016-11-06 08:29:14', '2016-11-06 08:29:14'),
(52, 'الاطلاع على دفاتر تحضير المعلمين ومتابعة سجلات المتابعة', 15, 'اجراء', 'جارى التنفيذ', '100', 54, 'الفصلين الدراسيين', '1437-12-17', '1438-08-22', 'اسبوعى', 60, 1, '0', 1, '', NULL, '2016-11-06 08:32:59', '2016-11-06 08:32:59'),
(53, 'متابعة صعود الطلاب في الحافلات المدرسية', 15, 'اجراء', 'جارى التنفيذ', '100', 54, 'الفصلين الدراسيين', '1437-12-17', '1438-09-17', 'سنوى', 58, 1, '0', 1, '', NULL, '2016-11-06 09:17:38', '2016-11-06 09:17:38'),
(54, 'متابعة الاشراف اليومي في الفسحة والصلاة', 15, 'اجراء', 'جارى التنفيذ', '100', 54, 'الفصلين الدراسيين', '1437-12-17', '1438-09-17', 'يومى', 60, 1, '0', 1, '', NULL, '2016-11-06 09:20:57', '2016-11-06 09:20:57'),
(55, 'برنامج ارشادي للمتأخرين دراسيا', 15, 'برنامج', 'فى الموعد', '0', 56, 'الفصل الدراسى الاول', '1438-03-07', '1438-03-07', 'فصلى', 58, 0, '0', 12, '', NULL, '2016-11-06 09:24:16', '2016-11-06 09:24:16'),
(56, 'إعداد سجل القيد للطلاب وسجل المنقولين وبرنامج نور', 15, 'اجراء', 'تم الانتهاء', '75', 55, 'الفصل الدراسى الاول', '1437-12-17', '1438-04-28', 'فصلى', 60, 1, '0', 1, '', NULL, '2016-11-06 09:30:58', '2016-11-06 09:30:58'),
(57, 'الاجتماع برواد الفصول ومشرفي الجماعات', 15, 'اجراء', 'تم الانتهاء', '75', 55, 'الفصل الدراسى الاول', '1438-01-08', '1438-01-08', 'فصلى', 60, 1, '0', 1, '', NULL, '2016-11-06 09:35:12', '2016-11-06 09:35:12'),
(58, 'تنظيم ملفات الطلاب وتنظيمها واستكمال متطلباتها', 15, 'اجراء', 'جارى التنفيذ', '50', 55, 'الفصل الدراسى الاول', '1437-12-17', '1438-04-28', 'فصلى', 60, 1, '0', 1, '', NULL, '2016-11-06 09:38:52', '2016-11-06 09:38:52'),
(59, 'إعداد خطة للحد من التأخر وغياب الطلاب ', 15, 'برنامج', 'فى الموعد', '75', 48, 'الفصل الدراسى الاول', '1438-02-06', '1438-02-10', 'فصلى', 60, 1, '0', 1, '', NULL, '2016-11-06 09:48:03', '2016-11-06 09:48:03'),
(60, 'متابعة أعمال المقصف المدرسي والتأكد من تطبيق اللوائح المنظمة له', 15, 'اجراء', 'جارى التنفيذ', '50', 54, 'الفصلين الدراسيين', '1437-12-17', '1438-08-29', 'اسبوعى', 60, 1, '0', 1, '', NULL, '2016-11-06 09:52:05', '2016-11-06 09:52:05'),
(61, 'تحضير الملفات والسجلات والنماذج الإدارية المنظمة للعمل المدرسي .', 15, 'اجراء', 'جارى التنفيذ', '100', 47, 'الفصل الدراسى الاول', '1437-12-17', '1437-12-20', 'فصلى', 61, 45, '0', 1, '0', NULL, '2016-11-06 10:00:05', '2016-11-06 10:00:05'),
(62, 'متابعة تحضير الملفات والسجلات والنماذج الإدارية المنظمة للعمل المدرسي .', 15, 'اجراء', 'جارى التنفيذ', '0', 47, 'الفصل الدراسى الثانى', '1438-05-08', '1438-05-12', 'فصلى', 58, 45, '0', 2, '0', NULL, '2016-11-06 10:03:14', '2016-11-06 10:03:14'),
(63, 'إبلاغ وتذكير أعضاء الهيئة الإدارية في المدرسة بمسؤولياتهم خلال العام الدراسي الحالي ', 15, 'اجراء', 'جارى التنفيذ', '0', 47, 'الفصلين الدراسيين', '1437-12-17', '1437-12-20', 'سنوى', 58, 45, '0', 3, '', NULL, '2016-11-06 10:04:49', '2016-11-06 10:04:49'),
(64, 'بناء جدول الحصص الدراسية الأسبوعي شاملاً لجدول  الانتظار العام للمعلمين في المدرسة .', 15, 'اجراء', 'جارى التنفيذ', '0', 47, 'الفصلين الدراسيين', '1437-12-17', '1437-12-20', 'سنوى', 61, 35, '0', 1, '', NULL, '2016-11-06 10:06:23', '2016-11-06 10:06:23'),
(65, 'بناء جدول الإشراف اليومي للمعلمين .', 15, 'اجراء', 'جارى التنفيذ', '0', 47, 'الفصلين الدراسيين', '1437-12-17', '1437-12-20', 'اسبوعى', 61, 35, '0', 1, '', NULL, '2016-11-06 10:13:20', '2016-11-06 10:13:20'),
(66, 'الاطلاع على مستجدات القواعد التنظيمية ولوائح العمل .', 15, 'اجراء', 'جارى التنفيذ', '0', 54, 'الفصلين الدراسيين', '1437-12-17', '1438-09-20', 'سنوى', 61, 45, '0', 1, '', NULL, '2016-11-06 10:28:41', '2016-11-06 10:28:41'),
(67, 'حصر احتياج المدرسة في كافة المجالات والرفع بذلك .', 15, 'اجراء', 'جارى التنفيذ', '0', 54, 'الفصلين الدراسيين', '1437-12-17', '1438-09-20', 'سنوى', 62, 45, '0', 2, '', NULL, '2016-11-06 10:30:02', '2016-11-06 10:30:02'),
(68, 'وضع طريقة إجرائية لتنفيذ اختبارات منتصف الفصل ونهاية الفصل .', 15, 'اجراء', 'جارى التنفيذ', '0', 55, 'الفصل الدراسى الاول', '1438-04-17', '1438-04-28', 'فصلى', 61, 35, '0', 1, '', NULL, '2016-11-06 10:36:21', '2016-11-06 10:36:21'),
(69, 'توزيع شهادان شكر للطلاب المتفوقين', 15, 'اجراء', 'فى الموعد', '0', 56, 'الفصل الدراسى الاول', '1438-03-30', '1438-03-30', 'فصلى', 58, 30, '0', 13, 'لا يوجد', NULL, '2016-11-06 10:38:07', '2016-11-06 10:38:07'),
(70, 'تهيئة الطلاب للاختبارات النهائية', 15, 'مهمة', 'فى الموعد', '0', 47, 'الفصل الدراسى الاول', '1438-04-10', '1438-04-14', 'فصلى', 58, 461, '0', 14, 'لا يوجد', NULL, '2016-11-06 10:47:04', '2016-11-06 10:47:04'),
(71, 'القيام بالاعمال المكلف بها بالاختبارات النهائية', 15, 'مهمة', 'فى الموعد', '0', 48, 'الفصل الدراسى الاول', '1438-04-17', '1438-04-21', 'فصلى', 58, 461, '0', 15, 'لا يوجد', NULL, '2016-11-06 10:51:05', '2016-11-06 10:51:05'),
(72, 'تشكيل لجنة النظام من الطلاب وتكليف أحد المعلمين للإشراف عليهم', 15, 'اجراء', 'تم الانتهاء', '75', 54, 'الفصلين الدراسيين', '1437-02-17', '1438-08-29', 'يومى', 60, 1, '0', 1, '', NULL, '2016-11-06 13:06:38', '2016-11-06 13:06:38'),
(73, 'إعداد مجلس الآباء والمعلمين', 15, 'اجراء', 'فى الموعد', '75', 56, 'الفصل الدراسى الاول', '1438-02-20', '1438-02-24', 'فصلى', 60, 1, '0', 1, '', NULL, '2016-11-06 13:10:08', '2016-11-06 13:10:08'),
(74, 'رعاية الطلاب المتأخرين دراسيا والمتفوقين', 15, 'اجراء', 'جارى التنفيذ', '75', 54, 'الفصلين الدراسيين', '1437-12-17', '1438-08-22', 'فصلى', 58, 1, '0', 1, '', NULL, '2016-11-06 13:14:23', '2016-11-06 13:14:23'),
(75, 'مشاركة مدير المدرسة في بناء جدول إجرائي لأسلوب الدروس التطبيقية ( النموذجية ) للمعلمين ولأسلوب الزيارات المتبادلة بين المعلمين .', 15, 'اجراء', 'جارى التنفيذ', '100', 47, 'الفصل الدراسى الاول', '1438-01-01', '1438-01-05', 'فصلى', 61, 35, '0', 1, '', NULL, '2016-11-07 09:56:07', '2016-11-07 09:56:07'),
(76, 'مشاركة مدير المدرسة في بناء جدول إجرائي لأسلوب الدروس التطبيقية ( النموذجية ) للمعلمين ولأسلوب الزيارات المتبادلة بين المعلمين .', 15, 'اجراء', 'جارى التنفيذ', '0', 47, 'الفصل الدراسى الثانى', '1438-05-01', '1438-05-05', 'فصلى', 61, 35, '0', 1, '', NULL, '2016-11-07 09:58:13', '2016-11-07 09:58:13'),
(77, 'حضور الاجتماعات  مجالس المدرسة المختلفة خلال الفصل الدراسي الاول والثاني.', 15, 'اجراء', 'جارى التنفيذ', '100', 54, 'الفصلين الدراسيين', '1438-01-01', '1438-09-20', 'سنوى', 61, 45, '0', 1, '', NULL, '2016-11-07 10:04:40', '2016-11-07 10:04:40'),
(78, 'الرفع باستمارة تقويم الصف النشط', 15, 'مشروع', 'فى الموعد', '0', 47, 'الفصلين الدراسيين', '1438-06-27', '1438-07-01', 'سنوى', 61, 36, '0', 1, '0', NULL, '2016-11-08 04:21:00', '2016-11-08 04:21:00'),
(79, 'التدقيق الداخلي لفريق الجودة 1', 15, 'مهمة', 'تم الانتهاء', '100', 47, 'الفصل الدراسى الاول', '1438-01-10', '1438-01-11', 'فصلى', 60, 13, '0', 2, '', NULL, '2016-11-08 08:18:57', '2016-11-08 08:19:37'),
(80, 'التدقيق الداخلي لفريق الجودة 2', 15, 'مهمة', 'فى الموعد', '0', 47, 'الفصل الدراسى الثانى', '1438-05-10', '1438-05-11', 'فصلى', 58, 13, '4', 3, '', NULL, '2016-11-08 08:21:10', '2016-11-08 08:21:10'),
(81, 'التدقيق الخارجي للشركة المانحة', 15, 'مهمة', 'فى الموعد', '0', 47, 'الفصلين الدراسيين', '1438-07-05', '1438-07-05', 'سنوى', 58, 12, '0', 3, '', NULL, '2016-11-08 08:22:43', '2016-11-08 08:22:43'),
(82, 'برنامج مدرستي نت', 15, 'برنامج', 'جارى التنفيذ', '75', 54, 'الفصلين الدراسيين', '1437-12-17', '1438-09-19', 'سنوى', 58, 465, '0', 5, '', NULL, '2016-11-08 08:26:07', '2016-11-08 08:26:07'),
(83, 'برنامج منسق الإدارة المدرسية', 15, 'برنامج', 'جارى التنفيذ', '0', 47, 'الفصلين الدراسيين', '1437-12-17', '1438-09-19', 'سنوى', 58, 45, '0', 6, '', NULL, '2016-11-08 08:27:28', '2016-11-08 08:27:28'),
(84, 'صيانة السبورات وأجهزة البروجيكتور', 15, 'مهمة', 'جارى التنفيذ', '50', 47, 'الفصلين الدراسيين', '1437-12-17', '1438-09-19', 'سنوى', 60, 10, '0', 7, '', NULL, '2016-11-08 08:29:05', '2016-11-08 08:29:05');

-- --------------------------------------------------------

--
-- Table structure for table `actions_has_d_goal`
--

CREATE TABLE IF NOT EXISTS `actions_has_d_goal` (
  `actions_ac_id` int(11) NOT NULL,
  `d_goal_dg_id` int(11) NOT NULL
) ENGINE=InnoDB DEFAULT CHARSET=utf8;

--
-- Dumping data for table `actions_has_d_goal`
--

INSERT INTO `actions_has_d_goal` (`actions_ac_id`, `d_goal_dg_id`) VALUES
(36, 156),
(43, 156),
(27, 157),
(31, 157),
(16, 158),
(28, 158),
(31, 158),
(34, 158),
(29, 159),
(43, 159),
(31, 160),
(38, 161),
(16, 163),
(15, 164),
(26, 164),
(35, 164),
(44, 165),
(45, 165),
(59, 165),
(30, 166),
(32, 167),
(19, 169),
(32, 169),
(33, 169),
(34, 169),
(55, 169),
(17, 170),
(16, 171),
(31, 171),
(34, 172),
(39, 173),
(43, 173),
(69, 173),
(74, 173),
(11, 174),
(19, 174),
(55, 174),
(12, 175),
(25, 176),
(37, 176),
(40, 176),
(43, 176),
(69, 176),
(31, 177),
(41, 177),
(42, 178),
(31, 180),
(55, 180),
(13, 184),
(14, 184),
(77, 190),
(55, 194),
(50, 198),
(48, 199),
(73, 200),
(31, 201),
(33, 203),
(17, 205),
(18, 206),
(75, 207),
(76, 207),
(24, 230),
(47, 232),
(49, 232),
(51, 232),
(52, 232),
(53, 232),
(54, 232),
(56, 232),
(57, 232),
(58, 232),
(60, 232),
(70, 232),
(71, 232),
(72, 232),
(46, 233),
(52, 233),
(61, 233),
(62, 233),
(63, 233),
(64, 233),
(65, 233),
(66, 233),
(67, 233),
(68, 233),
(78, 234),
(79, 235),
(80, 235),
(81, 235),
(82, 235),
(83, 235),
(84, 235);

-- --------------------------------------------------------

--
-- Table structure for table `actions_has_requirement`
--

CREATE TABLE IF NOT EXISTS `actions_has_requirement` (
  `actions_ac_id` int(11) NOT NULL,
  `requirement_re_id` int(11) NOT NULL
) ENGINE=InnoDB DEFAULT CHARSET=utf8;

--
-- Dumping data for table `actions_has_requirement`
--

INSERT INTO `actions_has_requirement` (`actions_ac_id`, `requirement_re_id`) VALUES
(15, 92),
(16, 92),
(19, 92),
(27, 92),
(28, 92),
(33, 92),
(34, 92),
(38, 92),
(40, 92),
(42, 92),
(44, 92),
(45, 92),
(50, 92),
(51, 92),
(53, 92),
(54, 92),
(59, 92),
(60, 92),
(69, 92),
(72, 92),
(73, 92),
(74, 92),
(15, 93),
(16, 93),
(17, 93),
(18, 93),
(32, 93),
(46, 93),
(47, 93),
(52, 93),
(56, 93),
(58, 93),
(59, 93),
(61, 93),
(62, 93),
(63, 93),
(64, 93),
(65, 93),
(66, 93),
(67, 93),
(68, 93),
(72, 93),
(74, 93),
(75, 93),
(76, 93),
(77, 93),
(78, 93),
(79, 93),
(80, 93),
(81, 93),
(82, 93),
(83, 93),
(84, 93),
(11, 94),
(18, 94),
(43, 94),
(49, 94),
(50, 94),
(55, 94),
(57, 94),
(59, 94),
(70, 94),
(72, 94),
(73, 94),
(74, 94),
(12, 95),
(15, 95),
(19, 95),
(27, 95),
(28, 95),
(32, 95),
(33, 95),
(34, 95),
(36, 95),
(39, 95),
(44, 95),
(45, 95),
(55, 95),
(58, 95),
(59, 95),
(74, 95),
(24, 96),
(25, 96),
(40, 96),
(50, 96),
(71, 96),
(73, 96),
(14, 97),
(46, 97),
(52, 97),
(56, 97),
(79, 97),
(80, 97),
(81, 97),
(13, 98),
(30, 98),
(52, 98),
(56, 98),
(79, 98),
(80, 98),
(81, 98),
(16, 99),
(17, 99),
(26, 99),
(28, 99),
(29, 99),
(31, 99),
(35, 99),
(37, 99),
(41, 99),
(48, 99),
(50, 99),
(54, 99),
(60, 99),
(71, 100);

-- --------------------------------------------------------

--
-- Table structure for table `actions_has_responsible`
--

CREATE TABLE IF NOT EXISTS `actions_has_responsible` (
  `actions_ac_id` int(11) NOT NULL,
  `responsible_rs_id` int(11) NOT NULL
) ENGINE=InnoDB DEFAULT CHARSET=utf8;

--
-- Dumping data for table `actions_has_responsible`
--

INSERT INTO `actions_has_responsible` (`actions_ac_id`, `responsible_rs_id`) VALUES
(14, 149),
(18, 149),
(52, 149),
(79, 149),
(80, 149),
(81, 149),
(82, 149),
(83, 149),
(84, 149),
(13, 150),
(14, 150),
(24, 150),
(46, 150),
(51, 150),
(52, 150),
(61, 150),
(62, 150),
(63, 150),
(64, 150),
(65, 150),
(66, 150),
(67, 150),
(68, 150),
(75, 150),
(76, 150),
(77, 150),
(78, 150),
(14, 152),
(18, 152),
(29, 152),
(30, 152),
(35, 152),
(47, 152),
(48, 152),
(49, 152),
(50, 152),
(51, 152),
(52, 152),
(53, 152),
(54, 152),
(56, 152),
(57, 152),
(58, 152),
(59, 152),
(60, 152),
(72, 152),
(73, 152),
(74, 152),
(78, 152),
(25, 153),
(26, 153),
(27, 153),
(28, 153),
(35, 153),
(36, 153),
(37, 153),
(38, 153),
(39, 153),
(40, 153),
(41, 153),
(42, 153),
(57, 153),
(11, 154),
(12, 154),
(15, 154),
(16, 154),
(17, 154),
(18, 154),
(19, 154),
(28, 154),
(30, 154),
(31, 154),
(32, 154),
(33, 154),
(34, 154),
(43, 154),
(44, 154),
(45, 154),
(49, 154),
(55, 154),
(69, 154),
(70, 154),
(71, 154);

-- --------------------------------------------------------

--
-- Table structure for table `actions_has_responsible1`
--

CREATE TABLE IF NOT EXISTS `actions_has_responsible1` (
  `actions_ac_id` int(11) NOT NULL,
  `responsible_rs_id` int(11) NOT NULL
) ENGINE=InnoDB DEFAULT CHARSET=utf8;

--
-- Dumping data for table `actions_has_responsible1`
--

INSERT INTO `actions_has_responsible1` (`actions_ac_id`, `responsible_rs_id`) VALUES
(14, 149),
(24, 149),
(27, 149),
(28, 149),
(29, 149),
(41, 149),
(46, 149),
(48, 149),
(50, 149),
(51, 149),
(53, 149),
(54, 149),
(56, 149),
(57, 149),
(58, 149),
(59, 149),
(60, 149),
(61, 149),
(62, 149),
(63, 149),
(64, 149),
(65, 149),
(66, 149),
(67, 149),
(68, 149),
(72, 149),
(73, 149),
(74, 149),
(75, 149),
(76, 149),
(77, 149),
(78, 149),
(26, 150),
(30, 150),
(36, 150),
(47, 150),
(50, 150),
(53, 150),
(54, 150),
(56, 150),
(58, 150),
(59, 150),
(60, 150),
(73, 150),
(74, 150),
(79, 150),
(80, 150),
(81, 150),
(82, 150),
(83, 150),
(84, 150),
(39, 151),
(40, 151),
(52, 151),
(54, 151),
(56, 151),
(59, 151),
(60, 151),
(72, 151),
(74, 151),
(79, 151),
(80, 151),
(81, 151),
(82, 151),
(15, 152),
(16, 152),
(17, 152),
(18, 152),
(19, 152),
(25, 152),
(28, 152),
(31, 152),
(32, 152),
(33, 152),
(34, 152),
(37, 152),
(38, 152),
(42, 152),
(43, 152),
(44, 152),
(45, 152),
(55, 152),
(69, 152),
(70, 152),
(71, 152),
(79, 152),
(80, 152),
(81, 152),
(82, 152),
(83, 152),
(84, 152),
(31, 153),
(35, 153),
(51, 153),
(57, 153),
(73, 153),
(74, 153),
(79, 153),
(80, 153),
(81, 153),
(49, 154),
(50, 154),
(51, 154),
(53, 154),
(54, 154),
(56, 154),
(58, 154),
(59, 154),
(60, 154),
(72, 154),
(74, 154),
(79, 154),
(80, 154),
(81, 154),
(82, 154),
(83, 154),
(48, 155),
(79, 155),
(80, 155),
(81, 155),
(79, 156),
(80, 156),
(81, 156),
(48, 157),
(79, 157),
(80, 157),
(81, 157);

-- --------------------------------------------------------

--
-- Table structure for table `actions_has_support`
--

CREATE TABLE IF NOT EXISTS `actions_has_support` (
  `actions_ac_id` int(11) NOT NULL,
  `support_su_id` int(11) NOT NULL
) ENGINE=InnoDB DEFAULT CHARSET=utf8;

--
-- Dumping data for table `actions_has_support`
--

INSERT INTO `actions_has_support` (`actions_ac_id`, `support_su_id`) VALUES
(18, 64),
(12, 65),
(13, 65),
(14, 65),
(15, 65),
(24, 65),
(26, 65),
(27, 65),
(28, 65),
(35, 65),
(36, 65),
(46, 65),
(47, 65),
(48, 65),
(49, 65),
(50, 65),
(51, 65),
(52, 65),
(53, 65),
(54, 65),
(56, 65),
(57, 65),
(58, 65),
(59, 65),
(60, 65),
(61, 65),
(62, 65),
(63, 65),
(64, 65),
(65, 65),
(66, 65),
(67, 65),
(68, 65),
(72, 65),
(73, 65),
(74, 65),
(75, 65),
(76, 65),
(77, 65),
(78, 65),
(79, 65),
(80, 65),
(81, 65),
(84, 65),
(11, 67),
(37, 67),
(38, 67),
(39, 67),
(41, 67),
(40, 68),
(42, 68),
(16, 70),
(17, 70),
(19, 70),
(25, 70),
(29, 70),
(30, 70),
(31, 70),
(32, 70),
(33, 70),
(34, 70),
(43, 70),
(44, 70),
(45, 70),
(55, 70),
(69, 70),
(70, 70),
(71, 70),
(82, 70),
(83, 70);

-- --------------------------------------------------------

--
-- Table structure for table `admin_count`
--

CREATE TABLE IF NOT EXISTS `admin_count` (
`ca_id` int(11) NOT NULL,
  `ca_name` varchar(45) DEFAULT NULL,
  `ca_num` varchar(45) DEFAULT NULL,
  `plans_p_id` int(11) NOT NULL
) ENGINE=InnoDB  DEFAULT CHARSET=utf8 AUTO_INCREMENT=352 ;

--
-- Dumping data for table `admin_count`
--

INSERT INTO `admin_count` (`ca_id`, `ca_name`, `ca_num`, `plans_p_id`) VALUES
(346, 'أمين مصادر تعلم', '1', 15),
(347, 'رائد نشاط', '1', 15),
(348, 'محضر مختبر', '1', 15),
(349, 'مدير أو قائد', '1', 15),
(350, 'مرشد طلابي', '3', 15),
(351, 'وكيل', '2', 15);

-- --------------------------------------------------------

--
-- Table structure for table `announcement`
--

CREATE TABLE IF NOT EXISTS `announcement` (
`an_id` int(11) NOT NULL,
  `an_name` varchar(45) DEFAULT NULL,
  `an_h_date` varchar(45) DEFAULT NULL,
  `an_m_date` date DEFAULT NULL,
  `plans_p_id` int(11) NOT NULL
) ENGINE=InnoDB  DEFAULT CHARSET=utf8 AUTO_INCREMENT=2 ;

--
-- Dumping data for table `announcement`
--

INSERT INTO `announcement` (`an_id`, `an_name`, `an_h_date`, `an_m_date`, `plans_p_id`) VALUES
(1, 'تست', '1438/01/30', '2016-10-07', 15);

-- --------------------------------------------------------

--
-- Table structure for table `backup`
--

CREATE TABLE IF NOT EXISTS `backup` (
`id` int(11) NOT NULL,
  `name` varchar(45) NOT NULL,
  `created_at` timestamp NOT NULL DEFAULT CURRENT_TIMESTAMP ON UPDATE CURRENT_TIMESTAMP,
  `updated_at` timestamp NOT NULL DEFAULT '0000-00-00 00:00:00'
) ENGINE=MyISAM  DEFAULT CHARSET=latin1 AUTO_INCREMENT=27 ;

--
-- Dumping data for table `backup`
--

INSERT INTO `backup` (`id`, `name`, `created_at`, `updated_at`) VALUES
(26, 'epmnet_sp_20161106102309', '2016-11-06 10:23:09', '2016-11-06 10:23:09'),
(25, 'epmnet_sp_20161105210129', '2016-11-05 21:01:30', '2016-11-05 21:01:30'),
(24, 'epmnet_sp_20161105105824', '2016-11-05 10:58:24', '2016-11-05 10:58:24');

-- --------------------------------------------------------

--
-- Table structure for table `buliding_count`
--

CREATE TABLE IF NOT EXISTS `buliding_count` (
`bu_id` int(11) NOT NULL,
  `bu_elm` varchar(45) DEFAULT NULL,
  `bu_status` varchar(45) DEFAULT NULL,
  `bu_num` int(11) DEFAULT NULL,
  `bu_notes` text,
  `plans_p_id` int(11) NOT NULL
) ENGINE=InnoDB  DEFAULT CHARSET=utf8 AUTO_INCREMENT=975 ;

--
-- Dumping data for table `buliding_count`
--

INSERT INTO `buliding_count` (`bu_id`, `bu_elm`, `bu_status`, `bu_num`, `bu_notes`, `plans_p_id`) VALUES
(955, 'صالة رياضية', 'متوفر', 1, '', 15),
(956, 'غرف المعلمين', 'متوفر', 2, '', 15),
(957, 'غرف للمرشدين', 'متوفر', 3, '', 15),
(958, 'غرفة الاجتماعات', 'متوفر', 1, '', 15),
(959, 'غرفة رائد نشاط', 'متوفر', 1, '', 15),
(960, 'غرفة للسكرتير', 'متوفر', 1, '', 15),
(961, 'غرفة مدخل بيانات', 'متوفر', 1, '', 15),
(962, 'غرفة مدير', 'متوفر', 1, '', 15),
(963, 'قاعة متعددة الاغراض', 'متوفر', 1, '', 15),
(964, 'مركز مصادر التعلم', 'متوفر', 1, '', 15),
(965, 'معمل التربية الفنية', 'متوفر', 2, '', 15),
(966, 'معمل حاسب آلي', 'متوفر', 1, '', 15),
(967, 'معمل مختبر', 'متوفر', 1, '', 15),
(968, 'مقر التوعية الاسلامية', 'متوفر', 1, '', 15),
(969, 'مقرأة القرآن الكريم', 'متوفر', 1, '', 15),
(970, 'مقر الكشافة', 'متوفر', 1, '', 15),
(971, 'مقر الموهبين', 'متوفر', 1, '', 15),
(972, 'مكتب وكيل المدرسة', 'متوفر', 2, '', 15),
(973, 'مستودغ', 'متوفر', 4, '', 15),
(974, 'قاعات دراسية', 'متوفر', 18, '', 15);

-- --------------------------------------------------------

--
-- Table structure for table `category_time`
--

CREATE TABLE IF NOT EXISTS `category_time` (
`ct_id` int(11) NOT NULL,
  `ct_name` varchar(45) DEFAULT NULL,
  `plans_p_id` int(11) NOT NULL
) ENGINE=InnoDB DEFAULT CHARSET=utf8 AUTO_INCREMENT=1 ;

-- --------------------------------------------------------

--
-- Table structure for table `class_count`
--

CREATE TABLE IF NOT EXISTS `class_count` (
`cc_id` int(11) NOT NULL,
  `name` varchar(45) DEFAULT NULL,
  `class_num` int(11) DEFAULT NULL,
  `ksa_students_num` int(11) DEFAULT NULL,
  `other_students_num` int(11) DEFAULT NULL,
  `all_students_num` int(11) DEFAULT NULL,
  `special_class_num` int(11) DEFAULT NULL,
  `special_studentes_num` int(11) DEFAULT NULL,
  `plans_p_id` int(11) NOT NULL
) ENGINE=InnoDB  DEFAULT CHARSET=utf8 AUTO_INCREMENT=166 ;

--
-- Dumping data for table `class_count`
--

INSERT INTO `class_count` (`cc_id`, `name`, `class_num`, `ksa_students_num`, `other_students_num`, `all_students_num`, `special_class_num`, `special_studentes_num`, `plans_p_id`) VALUES
(163, 'الأول متوسط', 6, 127, 6, 133, 0, 0, 15),
(164, 'الثاني متوسط', 5, 130, 3, 133, 0, 0, 15),
(165, 'الثالث متوسط', 7, 186, 9, 195, 0, 0, 15);

-- --------------------------------------------------------

--
-- Table structure for table `data`
--

CREATE TABLE IF NOT EXISTS `data` (
`d_id` int(11) NOT NULL,
  `d_elm` varchar(255) DEFAULT NULL,
  `d_value` varchar(255) DEFAULT NULL,
  `created_at` timestamp NULL DEFAULT NULL,
  `updated_at` timestamp NULL DEFAULT NULL,
  `schools_sch_id` int(11) NOT NULL
) ENGINE=InnoDB  DEFAULT CHARSET=utf8 AUTO_INCREMENT=371 ;

--
-- Dumping data for table `data`
--

INSERT INTO `data` (`d_id`, `d_elm`, `d_value`, `created_at`, `updated_at`, `schools_sch_id`) VALUES
(353, 'اسم المدرسة', 'مدرسة ابن الخطيب المتوسطة', '2016-10-12 08:57:06', '2016-10-12 08:57:06', 8),
(356, 'العنوان', 'ينبع الصناعية حي النخيل شارع حمزة بن عبدالمطلب', '2016-10-12 08:58:34', '2016-10-12 08:58:34', 8),
(357, 'المحافظة', 'ينبع', '2016-10-12 08:59:04', '2016-10-12 08:59:04', 8),
(358, 'المرحلة الدراسية', 'المتوسطة', '2016-10-12 08:59:23', '2016-10-12 08:59:23', 8),
(359, 'المنطقة التعليمية', 'المدينة المنورة', '2016-10-12 08:59:42', '2016-10-12 08:59:42', 8),
(360, 'رقم المدرسة', '909090', '2016-10-29 21:46:31', '2016-10-29 21:46:31', 8),
(361, 'اقرب مدرسة ابتدائية', 'مدرسة الفراهيدي الابتدائية', '2016-10-29 21:47:33', '2016-10-29 21:47:33', 8),
(362, 'أقرب مدرسة متوسطة ', 'مدرسة ابن الأثير المتوسطة', '2016-10-29 21:48:21', '2016-10-29 21:48:47', 8),
(363, 'أقرب مدرسة ثاننوية', 'مدرسةا ابن خلدون الثانوية', '2016-10-29 21:49:38', '2016-10-29 21:49:38', 8),
(364, 'المنطقة ', 'المدينة المنورة', '2016-11-04 00:59:20', '2016-11-04 00:59:20', 8),
(365, 'المدينة', 'ينبع الصناعية', '2016-11-04 00:59:41', '2016-11-04 00:59:41', 8),
(366, 'المحافظة', 'ينبع', '2016-11-04 00:59:53', '2016-11-04 00:59:53', 8),
(367, 'الإدارة', 'إدارة الخدمات التعليمية', '2016-11-04 01:00:27', '2016-11-04 01:00:27', 8),
(368, 'نوع المبنى', 'حكومي', '2016-11-04 01:00:54', '2016-11-04 01:00:54', 8),
(369, 'رقم الهاتف', '0143924520', '2016-11-04 01:01:16', '2016-11-04 01:01:16', 8),
(370, 'رقم الفاكس', '0143925023', '2016-11-04 01:01:43', '2016-11-04 01:01:43', 8);

-- --------------------------------------------------------

--
-- Table structure for table `d_goal`
--

CREATE TABLE IF NOT EXISTS `d_goal` (
`dg_id` int(11) NOT NULL,
  `dg_name` varchar(255) DEFAULT NULL,
  `dg_cursor` varchar(45) DEFAULT NULL,
  `g_goal_g_id` int(11) NOT NULL
) ENGINE=InnoDB  DEFAULT CHARSET=utf8 AUTO_INCREMENT=236 ;

--
-- Dumping data for table `d_goal`
--

INSERT INTO `d_goal` (`dg_id`, `dg_name`, `dg_cursor`, `g_goal_g_id`) VALUES
(156, 'التأكيد على تنمية المواهب والقدرات للطلاب المتميزين	', 'انضمامهم لجماعات والمشاركة في برامج الموهوبين', 367),
(157, 'تنمية القدرات لدى الطلاب كالإلقاء والخطابة و الإنشاد	', 'حصول الطلاب على مراكز متقدمة في المنافسات الد', 367),
(158, 'تمثل الطالب للسلوك السليم المعتدل والبعد عن الأفكار المنحرفة	', 'خلو الطلاب من حالات ذات أفكار منحرفة	', 368),
(159, 'غرس مفهوم العقيدة الصحيحة في نفوس الطلاب الاعتدال والوسطية', 'مظاهر الاعتدال والاهتمام بالشعائر', 368),
(160, 'غرس مفهوم العقيدة الصحيحة في نفوس الطلاب الاعتدال والوسطية', 'مظاهر الاعتدال والاهتمام بالشعائر', 368),
(161, 'تبصير الطالب بالتحديات التي تواجه الوطن وفق رؤية علمية موضوعية	', 'المشاركة في المناسبات الوطنية في النشاط الصفي', 370),
(162, 'غرس مفهوم الوسطية والاعتدال ومحاربة الأفكار المتطرفة', 'مفهوم الوسطية والاعتدال ومحاربة الأفكار المتط', 370),
(163, 'أن يتعرف الطالب على فصله وزملائه وجدوله الدراسي', 'وقوف الطالب في صفه وبين زملائه في الطابو الصب', 371),
(164, 'أن يتعرف الطلاب المستجدون على المرحلة المتوسطة وعلى مرافق المدرسة', 'تنفيذ البرامج المعدة لذلك', 371),
(165, 'الحد من غياب الطلاب والتأخر الصباحي	', 'انخفاض نسبة تأخر الطلاب	', 372),
(166, 'تزويد المعلمين و الاداريين بالمدرسة بأسماء الحالات المرضية للطلاب داخل المدرسة	', 'توقيع المعلم و الاداري على نموذج استلام أسماء', 372),
(167, 'توعية الطلاب بأضرار التدخين و وضع برنامج ارشادي و علاجي لهم	', 'برنامج التوعية بأضرار التدخين', 372),
(169, 'دراسة المشكلات السلوكية ووضع الحلول لها', 'ملاحظة تحسن سلوك الطلاب وانعدام أو قلة الانحر', 372),
(170, 'علاج الحالات الصحية التي لها علاقة بتدني مستوى الطلاب مثل ضعف البصر ، وضعف', 'ملاحظة تحسن مستوى الطلاب دراسيا بعد تقديم الخ', 372),
(171, 'غرس القيم و العادات البناءة لدى الطلاب مثل الانضباط ، تحمل المسؤولية الأمانة', 'ملاحظة مدى تحمل الطلاب للمسؤولية من خلال إسنا', 372),
(172, 'معرفة السلوكيات السلبية المتكررة بين الطلاب', 'حصر السلوكيات السلبية في المدرسة', 372),
(173, 'الاهتمام بالطلاب المتفوقين دراسيا	', 'زيادة نسبة الحاصلين على ممتاز	', 373),
(174, 'حصر الطلاب المعيدين و متابعتهم دراسيا', 'الحصول على نسخة من حصر الطلاب المعيدين من نظا', 373),
(175, 'رفع المستوى التحصيلي للطلاب ضعيفي التحصيل الدراسي', 'ارتفاع المستوى التحصيلي للطلاب وزيادة الدافعي', 373),
(176, 'تنفيذ برامج النشاط التي تعزز الاستقرار النفسي لدى الطالب	', 'محاضر الاجتماعات ملاحظات اللقاءات تقارير الزي', 375),
(177, 'توظيف الطاقات من فريق العمل للإشراف على برامج و مسابقات	', 'استلام المشرف خطاب التكليف ورفع الخطة	', 375),
(178, 'تنشئة الطلاب على العمل التعاوني و المنافسة الشريفة	', 'مشاركة مجموعات الطلاب في المنافسات الداخلية و', 376),
(179, 'تنشئة الطلاب على حب العمل و احترام العاملين	', 'تقارير وشواهد وصور	', 376),
(180, 'تفعيل الحوارات الطلابية	', 'ملاحظة قدرة الطلاب على إدارة الحوار	', 377),
(181, 'الارتقاء بمستوى مشاركات الطلاب في اتخاذ القرارات	', 'حضور دورات تدريبية وجلسات حوار منظمة	', 381),
(182, 'أن يصبح المعلمون قادرين على التخطيط والإعداد للدروس	', 'جودة التخطيط لدى المعلمين	', 385),
(183, 'أن يصبح المعلمون قادرين على توظيف الوسائل التعليمية واستخدامها لتحقيق	', 'استغلال كل الوسائل والتقنيات التعليمية بنسة	', 385),
(184, 'تنمية الكفايات المهنية والانتماء المهني للمعلمين	', 'الرضا الوظيفي لدى العاملين وزيادة الألفة بينه', 386),
(185, 'زرع روح المحبة والتعاون والإخاء بين منسوبي المدرسة', 'العلاقات الإنسانية الجيدة', 388),
(186, 'التعرف على خصائص مراحل النمو وخصائص المرحلة على وجه الخصوص	', 'إدراك المعلم لخصائص المرحلة ومراحل النمو	', 390),
(187, 'قيام المعلم بواجباته وما يسند إليه من أعمال', 'ملاحظة قيام المعلم بواجباته', 391),
(188, 'التحلي بصفات المعلم الحسنة كالصدق والصبر والأمانة والانضباط	', 'الملاحظة من خلال إبراز دور المعلم كمواطن صالح', 393),
(189, 'المحافظة على أوقات الدوام حضورا وانصرافاً	', 'المحافظة على أوقات الدوام من جميع المعلمين	', 393),
(190, 'أن يعرف عضو فريق العمل بالمدرسة مهامه وما كلف به وأن يكون على اطلاع بسياسة	', 'استلام المهام والجداول والتاكاليف وتنفيذ ما و', 394),
(191, 'اطلاع المعلم على الأهداف العامة لسياسة التعليم في المملكة	', 'توقيع المعلم على استلام وثيقة المعلم وتكليف ا', 395),
(192, 'أن يصبح المعلمون قادرين على إعداد خطط النشاط وتنفيذ هذه الخطط	', 'الملاحظة من خلال تنفيذ حصة النشاط وتحسن تفاعل', 397),
(193, 'مشاركة المعلم في الحفلات الختامية واللقاءات المنشطة بفاعلية', 'الرضا الوظيفي لدى العاملين وزيادة الألفة بينه', 397),
(194, 'إشراك الخبير التربوي في متابعة تحقيق أهداف و غايات المقرر	', 'أنتاج وسائل حديثة ومطوّرة إنتاج الدروس الحاسو', 399),
(195, 'تدريب المعلمين على تنفيذ محتوى المقرر	', 'مراجع ومصادر متوفرة معلمون مدربون	', 400),
(196, 'توجيه الطلاب بالمحافظة على الكتب الدراسية	', 'المحافظة على المقررات الدراسية	', 401),
(197, 'إبراز دور المدرسة في المحافظة على المبنى المدرسي و ملحقاته	', 'مبنى صالح للعمل بسنة	', 403),
(198, 'أن يساهم فريق العمل والطلاب في المحافظة على نظافة المبنى	', 'تقارير الإرشاد الطلابي	', 404),
(199, 'أن يكون المبنى المدرسي ومرافقه جاهزة للعمل	', 'استغلال كل المرافق والخدمات بشكل كامل	', 406),
(200, 'الاستفادة من مقترحات الآباء البناءة في الارتقاء بالعمل التربوي	', 'حضور لقاء أولياء الأمور ومجلس المدرسة	', 407),
(201, 'التعاون مع المجتمع المحلي في القضاء على المظاهر السلوكية السلبية.	', 'حضور لقاء أولياء الأمور ومجلس المدرسة	', 407),
(202, 'تكوين علاقة وطيدة بين المدرسة والمجتمع المحلي	', 'مجتمع متعاون بنسبة	', 407),
(203, 'رفع مستوى التواصل بين أولياء الأمور و المدرسة', 'تواصل وعلاقات إنسانية متميزة', 407),
(204, 'التواصل من خلال الاجتماعات الدورية بشكل مستمر	', 'محاضر الاجتماعات وإقامة اجتماعات شهرية وقبيل ', 410),
(205, 'حصر الحالات الصحية للطلاب', 'احصائية بأعداد الطلاب ذوي الحالات الصحية ', 412),
(206, 'التعرف على المستوى المادي للطالب ومساعدتهم', 'حصر الطلاب الضعاف ماديا', 413),
(207, 'مشاركة مدير المدرسة في بناء جدول إجرائي لأسلوب الزيارات الصفية للمعلمين ', 'زيارة صفية للمعلم', 390),
(208, 'تنفيذ استراتيجيات التعلم النشط', 'زيارة صفية', 374),
(209, 'الاطلاع على التعاميم الواردة ومتابعتها وعرضها على المعلمين', 'التوقيع بالعلم من قبل الموظف', 391),
(211, 'حصر المعلمين الغائبين وعمل الاجراءات المتبعة', 'اعداد جدول الانتظار اليومي', 388),
(212, 'متابعة برنامج الدوام في المدرسة وإعداد التقارير الازمة', 'عمل الاجراءات الادارية المنظمة للعمل ', 397),
(213, 'متابعة دخول المعلمين الحصص والخروج منها', 'حصر التاخر وتسجيل الملاحظات في برنامج مدرستي ', 410),
(219, 'إعداد جداول الملاحظة اليومية على قاعات الاختبارات مع إشعار الملاحظين بمسؤولياتهم .', 'جدول الملاحظة والاشراف اثناء الاختبارات', 419),
(220, 'تجهيز البيانات والكشوف والنماذج الإدارية  ، المستخدمة في أعمال الاختبارات الفصلية التحريرية .', 'نماذج متابعة سير الاختبارات', 419),
(224, 'الاطلاع على مستجدات القواعد التنظيمية ولوائح العمل .', 'توقيع العاملين على التعاميم', 391),
(230, 'الاستفادة من الخبرات الداخلية والخارجية في مجال الجودة', 'تقارير ومحاضر لعدة لقاءات أو مؤتمرات', 424),
(231, 'هدف تفصيلي غير مصاغ للنشاط الطلابي', '.........................', 425),
(232, 'هدف تفصيلي غير مصاغ للشؤون الطلاب', '....', 426),
(233, 'هدف تفصيلي غير مصاغ لشؤون المعلمين', '......', 427),
(234, 'أن يقاس أثر تريب المعلمين على حقيبة التعلم أن النشط', 'استدامة التعلم النشط في الميدان التربوي بفاعل', 428),
(235, 'هدف تفصيلي غير مصاغ - الإدارة', 'بدون', 429);

-- --------------------------------------------------------

--
-- Table structure for table `events`
--

CREATE TABLE IF NOT EXISTS `events` (
`ev_id` int(11) NOT NULL,
  `ev_name` varchar(255) DEFAULT NULL,
  `ev_start` date DEFAULT NULL,
  `ev_end` date DEFAULT NULL,
  `suport` varchar(45) DEFAULT NULL,
  `ev_status` varchar(45) DEFAULT NULL,
  `plans_p_id` int(11) NOT NULL
) ENGINE=InnoDB  DEFAULT CHARSET=utf8 AUTO_INCREMENT=5 ;

--
-- Dumping data for table `events`
--

INSERT INTO `events` (`ev_id`, `ev_name`, `ev_start`, `ev_end`, `suport`, `ev_status`, `plans_p_id`) VALUES
(2, 'حضور حفل المتفوقين في مركز الملك فهد الحضاري', '1438-01-09', '1438-01-09', NULL, 'مفتوح', 15),
(3, 'المشاركة في حفل الطلاب المتفوقين في مركز الملك فهد الحضاري', '1438-02-09', '1438-02-09', NULL, 'مفتوح', 15),
(4, 'تنفيذ تجربة الاخلاء', '1438-02-03', '1438-02-03', NULL, 'مفتوح', 15);

-- --------------------------------------------------------

--
-- Table structure for table `events_has_responsible`
--

CREATE TABLE IF NOT EXISTS `events_has_responsible` (
  `events_ev_id` int(11) NOT NULL,
  `responsible_rs_id` int(11) NOT NULL
) ENGINE=InnoDB DEFAULT CHARSET=utf8;

--
-- Dumping data for table `events_has_responsible`
--

INSERT INTO `events_has_responsible` (`events_ev_id`, `responsible_rs_id`) VALUES
(2, 149),
(4, 150),
(3, 153);

-- --------------------------------------------------------

--
-- Table structure for table `events_has_responsible1`
--

CREATE TABLE IF NOT EXISTS `events_has_responsible1` (
  `events_ev_id` int(11) NOT NULL,
  `responsible_rs_id` int(11) NOT NULL
) ENGINE=InnoDB DEFAULT CHARSET=utf8;

--
-- Dumping data for table `events_has_responsible1`
--

INSERT INTO `events_has_responsible1` (`events_ev_id`, `responsible_rs_id`) VALUES
(3, 149),
(4, 149);

-- --------------------------------------------------------

--
-- Table structure for table `fields`
--

CREATE TABLE IF NOT EXISTS `fields` (
`f_id` int(11) NOT NULL,
  `f_name` varchar(45) DEFAULT NULL,
  `f_order` int(11) DEFAULT NULL,
  `plans_p_id` int(11) NOT NULL
) ENGINE=InnoDB  DEFAULT CHARSET=utf8 AUTO_INCREMENT=147 ;

--
-- Dumping data for table `fields`
--

INSERT INTO `fields` (`f_id`, `f_name`, `f_order`, `plans_p_id`) VALUES
(140, 'الطلاب', 1, 15),
(141, 'النشاط الطلابي	', 2, 15),
(142, 'المعلمون وفريق العمل', 3, 15),
(143, 'المناهج الدراسية	', 4, 15),
(144, 'المبنى المدرسي	', 5, 15),
(145, 'المجتمع المحلي', 6, 15),
(146, 'الإدارة', 7, 15);

-- --------------------------------------------------------

--
-- Table structure for table `g_goal`
--

CREATE TABLE IF NOT EXISTS `g_goal` (
`g_id` int(11) NOT NULL,
  `g_name` varchar(255) DEFAULT NULL,
  `fields_f_id` int(11) NOT NULL
) ENGINE=InnoDB  DEFAULT CHARSET=utf8 AUTO_INCREMENT=430 ;

--
-- Dumping data for table `g_goal`
--

INSERT INTO `g_goal` (`g_id`, `g_name`, `fields_f_id`) VALUES
(367, 'الاهتمام برعاية الطلاب الموهوبين و المتفوقين دراسيا	', 140),
(368, 'ترسيخ العقيدة الإسلامية الصحيحة في نفوس الطلاب	', 140),
(369, 'تعميق المبادئ و القيم الإسلامية في نفوس الطلاب لينشأوا موطنين صالحين	', 140),
(370, 'تعميق روح الولاء للوطن و الاعتزاز به بوعي يقوم على طاعة ولي الأمر و معرفة قضايا الوطن	', 140),
(371, 'تهيئة الطلاب للعام الدراسي الجديد	', 140),
(372, 'رعاية الطلاب تربوياً و اجتماعياً	', 140),
(373, 'رعاية الطلاب في التحصيل العلمي	', 140),
(374, 'زيادة دافعية التعلم الذاتي لدى الطلاب	', 140),
(375, 'العمل على تميز المدرسة في مخرجات النشاط الطلابي	', 141),
(376, 'العمل على تنمية شخصية الطالب المتزنة و اكتشاف مواهبه و صقلها	', 141),
(377, 'بناء القيادات الطلابية	', 141),
(378, 'تحسين المستوى التحصيلي للطلاب	', 141),
(379, 'تعزيز دور النشاط في الشركة المجتمعية	', 141),
(380, 'تفعيل دور الجماعات والمجالس والأنشطة اللاصفية	', 141),
(381, 'تنمية روح التعاون والتكامل والتدريب على تحمل المسؤولية	', 141),
(384, 'استثمار التقنيات الحديثة وتقنيات التواصل الحديثة في عمليات التعليم والتعلم	', 142),
(385, 'تحسين كفايات المعلمين في استخدام طرائق التدريس الحديثة	', 142),
(386, 'تحقيق الانتماء المهني لدى العاملين في الحقل التربوي	', 142),
(387, 'تحقيق الانتماء المهني لدى العاملين في الحقل التربوي	', 142),
(388, 'تحقيق جو الانسجام وروح التعاون بين منسوبي المدرسة	', 142),
(389, 'تطبيق نظرية التعلم البنائي واستراتيجيات التعلم الحديثة في عمليات التعليم والتعلم.	', 142),
(390, 'تطوير أداء المعلمين نحو تنفيذ إستراتيجيات التعلم الحديثة و الحرص على تطوير أدائهم ذاتيا	', 142),
(391, 'تعريف المعلم بواجباته ومسؤولياته كما وردت في القواعد التنظيمية	', 142),
(392, 'تعزيز فكرة العمل الجماعي والتعاون كفريق واحد	', 142),
(393, 'تمثل المعلم القدوة الحسنة في البيئة التربوية و مجتمعة	', 142),
(394, 'تهيئة المعلمين للعام الدراسي الجديد	', 142),
(395, 'توضيح الأهداف العامة لسياسة التربية والتعليم في المملكة	', 142),
(396, 'حفز المعلمين نحو التطوير والابداع في طريق تنفيذ استراتيجيات التعلم وتطوير أدائهم ذاتيا.	', 142),
(397, 'قيام المعلم بدوره في التخطيط للأنشطة المدرسية وتنفيذها	', 142),
(398, 'العمل على تحقيق أهداف المقررات الدراسية	', 143),
(399, 'المشاركة في تحسين المناهج و إثرائها	', 143),
(400, 'تحقيق أهداف و غايات المقررات الدراسية	', 143),
(401, 'غرس تقدير الكتاب المدرسي	', 143),
(402, 'العناية بمظهر المبنى المدرسي وملحقاته من الداخل والخارج	', 144),
(403, 'المحافظة على الممتلكات بالمبنى المدرسي	', 144),
(404, 'المحافظة على نظافة وسلامة المبنى المدرسي وملحقاته	', 144),
(405, 'تهيئة البيئة التعليمية الجاذبة	', 144),
(406, 'تهيئة المبنى المدرسة للعام الدراسي الجديد	', 144),
(407, 'إقامة شراكة مجتمعية مع المجتمع المحلي	', 145),
(408, 'تعزيز دور مؤسسات المجتمع في دعم المدرسة للقيام بتحقيق رسالتها من خلال إقامة شراكة مجتمعية مع المجتمع المحلي	', 145),
(409, 'ربط المدرسة بالبيئة الاجتماعية	', 145),
(410, 'تعزيز التواصل الإيجابي بين فريق العمل	', 146),
(412, 'معرفة الحالة الصحية للطلاب', 140),
(413, 'التعرف على الطلاب ذوي الحالات المادية المنخفضة', 140),
(417, 'متابعة حضور المعلمين والإشراف على الطابور', 142),
(419, 'الإعداد  للاختبارات وضبط التقويم ', 146),
(423, 'بناء وإعداد الجداول المنظمة للعمل ', 146),
(424, 'نشر ثقافة الجودة وتفعيل عملياتها', 146),
(425, 'هدف عام غير مصاغ للنشاط الطلابي', 141),
(426, 'هدف عام غير مصاغ شؤون الطلاب', 140),
(427, 'هدف عام غير مصاغ شؤون المعلمين', 142),
(428, 'رفع مستوى الأداء لفريق العمل', 142),
(429, 'هدف عام غير مصاغ الإدارة', 146);

-- --------------------------------------------------------

--
-- Table structure for table `leaders_team`
--

CREATE TABLE IF NOT EXISTS `leaders_team` (
`l_id` int(11) NOT NULL,
  `l_name` varchar(45) DEFAULT NULL,
  `l_order` int(11) DEFAULT NULL,
  `l_kind_work` varchar(100) DEFAULT NULL,
  `l_start_ser` date DEFAULT NULL,
  `birthday` date DEFAULT NULL,
  `last_qualified` varchar(45) DEFAULT NULL,
  `last_qualified_d` date DEFAULT NULL,
  `spec` varchar(45) DEFAULT NULL,
  `level` varchar(45) DEFAULT NULL,
  `class` varchar(45) DEFAULT NULL,
  `phone` varchar(45) DEFAULT NULL,
  `mobile` varchar(45) DEFAULT NULL,
  `years_teacher` int(11) DEFAULT NULL,
  `years_agent` int(11) DEFAULT NULL,
  `years_dir` int(11) DEFAULT NULL,
  `years_other` int(11) DEFAULT NULL,
  `years_total` int(11) DEFAULT NULL,
  `director_date` date DEFAULT NULL,
  `course_date` date DEFAULT NULL,
  `school_start` date DEFAULT NULL,
  `address` text,
  `created_at` timestamp NULL DEFAULT NULL,
  `updated_at` timestamp NULL DEFAULT NULL,
  `plans_p_id` int(11) NOT NULL
) ENGINE=InnoDB  DEFAULT CHARSET=utf8 AUTO_INCREMENT=119 ;

--
-- Dumping data for table `leaders_team`
--

INSERT INTO `leaders_team` (`l_id`, `l_name`, `l_order`, `l_kind_work`, `l_start_ser`, `birthday`, `last_qualified`, `last_qualified_d`, `spec`, `level`, `class`, `phone`, `mobile`, `years_teacher`, `years_agent`, `years_dir`, `years_other`, `years_total`, `director_date`, `course_date`, `school_start`, `address`, `created_at`, `updated_at`, `plans_p_id`) VALUES
(116, 'يوسف بن سالم يحيى الشهري', 1, 'قائد المدرسة ( المدير )', '1415-05-17', '1391-07-01', 'ماجستير إدارة تربوية', '2013-12-08', 'إدارة تربوية', '12', '15', '0133931234', '0556686866', 9, 11, 2, 0, 23, '1436-02-08', '1436-01-11', '1436-01-11', 'ينيع الصناعية - حي السميري - شارع الفرعة - مدخل 6 - منزل 13', '2016-10-21 16:02:23', '2016-10-24 05:06:11', 15),
(117, 'محمد بن عبدالله علي الشهري', 2, 'وكيل مدرسة', '1415-06-24', '1392-01-07', 'ماجستير', '1430-12-20', 'علوم', '10', '15', '3924520', '0595454522', 6, 6, 0, 0, 12, '1429-12-22', '1401-01-01', '1429-12-01', 'حي خالد ', '2016-10-29 10:02:27', '2016-11-06 10:38:31', 15),
(118, 'مصطفى محمد محمود الشنقيطي', 3, 'وكيل مدرسة', '1437-12-01', '1437-01-07', 'ماجستير في الإدارة', '1437-01-14', 'فيزياء', '10', '15', '0143922936', '0504358190', 10, 10, 1, 1, 21, '1436-01-13', '1401-01-01', '1437-01-01', 'حي العيون شارع الدمام منزل 5', '2016-10-29 10:05:22', '2016-10-29 10:05:22', 15);

-- --------------------------------------------------------

--
-- Table structure for table `migrations`
--

CREATE TABLE IF NOT EXISTS `migrations` (
  `migration` varchar(255) CHARACTER SET utf8 NOT NULL,
  `batch` int(11) NOT NULL
) ENGINE=InnoDB DEFAULT CHARSET=utf8 COLLATE=utf8_unicode_ci;

-- --------------------------------------------------------

--
-- Table structure for table `periods`
--

CREATE TABLE IF NOT EXISTS `periods` (
`pe_id` int(11) NOT NULL,
  `pe_name` varchar(100) DEFAULT NULL,
  `pe_from` date DEFAULT NULL,
  `pe_to` date DEFAULT NULL,
  `plans_p_id` int(11) NOT NULL
) ENGINE=InnoDB  DEFAULT CHARSET=utf8 AUTO_INCREMENT=123 ;

--
-- Dumping data for table `periods`
--

INSERT INTO `periods` (`pe_id`, `pe_name`, `pe_from`, `pe_to`, `plans_p_id`) VALUES
(84, 'الأسبوع 1 الفصل الأول', '1437-12-17', '1437-12-21', 15),
(85, 'الأسبوع 2 الفصل الأول', '1437-12-24', '1437-12-28', 15),
(86, 'الأسبوع 3 الفصل الأول ', '1438-01-01', '1438-01-05', 15),
(88, 'الأسبوع 4 الفصل الأول', '1438-01-08', '1438-01-12', 15),
(89, 'الأسبوع 5 الفصل الأول', '1438-01-15', '1438-01-19', 15),
(90, 'الأسبوع 6 الفصل الأول', '1438-01-22', '1438-01-26', 15),
(91, 'الأسبوع 7 الفصل الأول', '1438-01-29', '1438-02-03', 15),
(92, 'الأسبوع 8 الفصل الأول', '1438-02-06', '1438-02-10', 15),
(93, 'الأسبوع 9 الفصل الأول', '1438-02-20', '1438-02-24', 15),
(94, 'أسبوع إجازة منتصف الفصل الأول', '1438-02-10', '1438-02-19', 15),
(95, 'الأسبوع 10 الفصل الأول', '1438-02-20', '1438-02-24', 15),
(96, 'الأسبوع 11 الفصل الأول', '1438-02-27', '1438-03-02', 15),
(97, 'الأسبوع 12 الفصل الأول', '1438-03-05', '1438-03-09', 15),
(98, 'الأسبوع 13 الفصل الأول', '1438-03-12', '1438-03-16', 15),
(99, 'الأسبوع 14 الفصل الأول', '1438-03-19', '1438-03-23', 15),
(100, 'الأسبوع 15 الفصل الأول', '1438-03-26', '1438-03-30', 15),
(101, 'الأسبوع 16 الفصل الأول', '1438-04-03', '1438-04-07', 15),
(103, 'الأسبوع الأول من أختبارات الفصل الأول ', '1438-04-17', '1438-04-21', 15),
(104, 'الأسبوع الثاني من اختبارات الفصل الأول', '1438-04-24', '1438-04-28', 15),
(105, 'الأسبوع 1 الفصل الثاني', '1438-02-06', '1438-02-06', 15),
(106, 'الأسبوع 2 الفصل الثاني', '1438-02-06', '1438-02-06', 15),
(107, 'الأسبوع 3 الفصل الثاني', '1438-02-06', '1438-02-06', 15),
(108, 'الأسبوع 4 الفصل الثاني', '1438-02-06', '1438-02-06', 15),
(109, 'الأسبوع 5 الفصل الثاني', '1438-02-06', '1438-02-06', 15),
(110, 'الأسبوع 6 الفصل الثاني', '1438-02-06', '1438-02-06', 15),
(111, 'الأسبوع 7 الفصل الثاني', '1438-02-06', '1438-02-06', 15),
(112, 'الأسبوع 8 الفصل الثاني', '1438-02-06', '1438-02-06', 15),
(113, 'الأسبوع 9 الفصل الثاني', '1438-02-06', '1438-02-06', 15),
(114, 'الأسبوع 10 الفصل الثاني', '1438-02-06', '1438-02-06', 15),
(115, 'الأسبوع 11 الفصل الثاني', '1438-02-06', '1438-02-06', 15),
(116, 'الأسبوع 12 الفصل الثاني', '1438-02-06', '1438-02-06', 15),
(117, 'الأسبوع 13 الفصل الثاني', '1438-02-06', '1438-02-06', 15),
(118, 'الأسبوع 14 الفصل الثاني', '1438-02-06', '1438-02-06', 15),
(119, 'الأسبوع 15 الفصل الثاني', '1438-02-06', '1438-02-06', 15),
(120, 'الأسبوع 16 الفصل الثاني', '1438-02-06', '1438-02-06', 15),
(121, 'الأسبوع الأول من أختبارات الفصل الثاني', '1438-09-13', '1438-09-17', 15),
(122, 'الأسبوع الثاني من أختبارات الفصل الثاني', '1438-09-06', '1438-09-11', 15);

-- --------------------------------------------------------

--
-- Table structure for table `plans`
--

CREATE TABLE IF NOT EXISTS `plans` (
`p_id` int(11) NOT NULL,
  `p_order` int(11) DEFAULT NULL,
  `p_m_year` year(4) DEFAULT NULL,
  `p_h_year` varchar(45) DEFAULT NULL,
  `d_from` date DEFAULT NULL,
  `d_to` date DEFAULT NULL,
  `created_at` timestamp NULL DEFAULT NULL,
  `updated_at` timestamp NULL DEFAULT NULL,
  `schools_sch_id` int(11) NOT NULL
) ENGINE=InnoDB  DEFAULT CHARSET=utf8 AUTO_INCREMENT=16 ;

--
-- Dumping data for table `plans`
--

INSERT INTO `plans` (`p_id`, `p_order`, `p_m_year`, `p_h_year`, `d_from`, `d_to`, `created_at`, `updated_at`, `schools_sch_id`) VALUES
(15, 2, 2017, '1438', '2016-10-01', '2017-12-30', '2016-10-29 11:21:56', '2016-11-04 00:45:22', 8);

-- --------------------------------------------------------

--
-- Table structure for table `plan_team`
--

CREATE TABLE IF NOT EXISTS `plan_team` (
`pl_id` int(11) NOT NULL,
  `pl_name` varchar(45) DEFAULT NULL,
  `pl_jop` varchar(45) DEFAULT NULL,
  `comm_work` varchar(45) DEFAULT NULL,
  `comm_role` varchar(45) DEFAULT NULL,
  `created_at` timestamp NULL DEFAULT NULL,
  `updated_at` timestamp NULL DEFAULT NULL,
  `plans_p_id` int(11) NOT NULL
) ENGINE=InnoDB  DEFAULT CHARSET=utf8 AUTO_INCREMENT=194 ;

--
-- Dumping data for table `plan_team`
--

INSERT INTO `plan_team` (`pl_id`, `pl_name`, `pl_jop`, `comm_work`, `comm_role`, `created_at`, `updated_at`, `plans_p_id`) VALUES
(183, 'عبدالله عائض هادي المحامض', 'أمين مصادر التعلم', 'عضو', 'مقرر', '2016-10-21 16:03:19', '2016-10-21 16:03:19', 15),
(184, 'محمد عبدالله الشهري', 'وكيل', 'نائب المشرف غلى فريق التخطيط', 'الإشراف وإعداد الخطة الاستراتيجية والتشغيلية', '2016-10-21 16:03:57', '2016-10-21 16:03:57', 15),
(185, 'يوسف بن سالم الشهري', 'مدير', 'المشرف العام', 'الإشراف والإعتماد', '2016-10-21 16:04:39', '2016-10-21 16:04:39', 15),
(186, 'مصطفى بن محمد محمود الشنقيطي		', 'وكيل المدرسة لشؤون الطلاب', 'عضو', 'شؤون الطلاب', '2016-10-24 04:49:31', '2016-10-24 04:49:31', 15),
(187, 'نبيل بن أحمد مسفر الغامدي		', 'رائد نشاط', 'عضو', 'النشاط المدرسي', '2016-10-24 04:50:17', '2016-10-24 04:50:17', 15),
(188, 'عادل بن عبدالرحمن ابوعايد		', 'مرشد طلابي', 'عضو', 'شؤون الطلاب', '2016-10-24 04:57:17', '2016-10-24 04:57:17', 15),
(189, 'رياض بن سعيد المنمص		', 'مرشد طلابي', 'عضو', 'شؤون الطلاب', '2016-10-24 04:57:56', '2016-10-24 04:57:56', 15),
(190, 'فهد بن عبدالرحمن الحشر		', 'مرشد طلابي', 'عضو', 'شؤون الطلاب', '2016-10-24 04:58:37', '2016-10-24 04:58:37', 15),
(191, 'وليد محسن محمد مسملي', 'معلم', 'عضو', 'شؤون المعلمين', '2016-10-24 04:59:39', '2016-10-24 05:01:10', 15),
(192, 'مشعل لافي سرور العتيبي', 'معلم', 'عضو', 'البييئة المدرسية', '2016-10-24 05:00:21', '2016-10-24 05:00:21', 15),
(193, 'محمد بن سالم الفيفي', 'معلم', 'عضو', 'شؤون المعلمين', '2016-10-24 05:00:59', '2016-10-24 05:00:59', 15);

-- --------------------------------------------------------

--
-- Table structure for table `profit`
--

CREATE TABLE IF NOT EXISTS `profit` (
`pr_id` int(11) NOT NULL,
  `pr_name` varchar(100) DEFAULT NULL,
  `plans_p_id` int(11) NOT NULL
) ENGINE=InnoDB  DEFAULT CHARSET=utf8 AUTO_INCREMENT=63 ;

--
-- Dumping data for table `profit`
--

INSERT INTO `profit` (`pr_id`, `pr_name`, `plans_p_id`) VALUES
(58, 'الطلاب', 15),
(59, 'المجتمع', 15),
(60, 'المدرسة', 15),
(61, 'المعلمين	', 15),
(62, 'فريق العمل	', 15);

-- --------------------------------------------------------

--
-- Table structure for table `range`
--

CREATE TABLE IF NOT EXISTS `range` (
`r_id` int(11) NOT NULL,
  `r_name` varchar(45) DEFAULT NULL
) ENGINE=InnoDB DEFAULT CHARSET=utf8 AUTO_INCREMENT=1 ;

-- --------------------------------------------------------

--
-- Table structure for table `requirement`
--

CREATE TABLE IF NOT EXISTS `requirement` (
`re_id` int(11) NOT NULL,
  `re_name` varchar(100) DEFAULT NULL,
  `plans_p_id` int(11) NOT NULL
) ENGINE=InnoDB  DEFAULT CHARSET=utf8 AUTO_INCREMENT=101 ;

--
-- Dumping data for table `requirement`
--

INSERT INTO `requirement` (`re_id`, `re_name`, `plans_p_id`) VALUES
(92, 'الإذاعة المدرسية	', 15),
(93, 'جهاز كمبيوتر	', 15),
(94, 'غرفة الاجتماعات	', 15),
(95, 'مركز مصادر التعلم	', 15),
(96, 'مقر التدريب	', 15),
(97, 'مكتب المدير	', 15),
(98, 'مكتب الوكيل	', 15),
(99, 'الصالة الرياضية', 15),
(100, 'باصات النقل', 15);

-- --------------------------------------------------------

--
-- Table structure for table `responsible`
--

CREATE TABLE IF NOT EXISTS `responsible` (
`rs_id` int(11) NOT NULL,
  `rs_name` varchar(45) DEFAULT NULL,
  `rs_order` int(45) DEFAULT NULL,
  `plans_p_id` int(11) NOT NULL
) ENGINE=InnoDB  DEFAULT CHARSET=utf8 AUTO_INCREMENT=158 ;

--
-- Dumping data for table `responsible`
--

INSERT INTO `responsible` (`rs_id`, `rs_name`, `rs_order`, `plans_p_id`) VALUES
(149, 'مدير المدرسة	', 1, 15),
(150, 'وكيل الشؤون التعليمية	', 2, 15),
(151, 'المعلم	', 3, 15),
(152, 'وكيل شؤون الطلاب	', 4, 15),
(153, 'رائد النشاط	', 5, 15),
(154, 'المرشد ا لطلابي	', 6, 15),
(155, 'أمين مصادر التعلم	', 7, 15),
(156, 'السكرتير', 8, 15),
(157, 'محضر المختبر	', 9, 15);

-- --------------------------------------------------------

--
-- Table structure for table `schools`
--

CREATE TABLE IF NOT EXISTS `schools` (
`sch_id` int(11) NOT NULL,
  `sch_name` varchar(45) DEFAULT NULL,
  `sch_phone` varchar(45) DEFAULT NULL,
  `sch_email` varchar(45) DEFAULT NULL,
  `sch_status` varchar(45) DEFAULT NULL,
  `system_logo` varchar(255) DEFAULT NULL,
  `reports_logo` varchar(255) DEFAULT NULL,
  `cover_logo` varchar(255) DEFAULT NULL,
  `lat` varchar(255) DEFAULT NULL,
  `long` varchar(255) DEFAULT NULL,
  `zoom` int(11) DEFAULT NULL,
  `created_at` timestamp NULL DEFAULT NULL,
  `updated_at` timestamp NULL DEFAULT NULL
) ENGINE=InnoDB  DEFAULT CHARSET=utf8 AUTO_INCREMENT=9 ;

--
-- Dumping data for table `schools`
--

INSERT INTO `schools` (`sch_id`, `sch_name`, `sch_phone`, `sch_email`, `sch_status`, `system_logo`, `reports_logo`, `cover_logo`, `lat`, `long`, `zoom`, `created_at`, `updated_at`) VALUES
(8, 'مدرسة ابن الخطيب المتوسطة', '0556686866', 'Yousifaboasim@gmail.com', 'مفعل', '1477324510الشعار.jpg', '14773851631.jpg', '14783799064.jpg', '24.01220110675591', '38.192906379990745', 17, '2016-10-05 10:08:53', '2016-11-05 21:05:06');

-- --------------------------------------------------------

--
-- Table structure for table `sessions`
--

CREATE TABLE IF NOT EXISTS `sessions` (
  `id` varchar(255) CHARACTER SET utf8 NOT NULL,
  `user_id` int(11) DEFAULT NULL,
  `ip_address` varchar(45) CHARACTER SET utf8 DEFAULT NULL,
  `user_agent` text CHARACTER SET utf8,
  `payload` text CHARACTER SET utf8 NOT NULL,
  `last_activity` int(11) NOT NULL
) ENGINE=InnoDB DEFAULT CHARSET=utf8 COLLATE=utf8_unicode_ci;

--
-- Dumping data for table `sessions`
--

INSERT INTO `sessions` (`id`, `user_id`, `ip_address`, `user_agent`, `payload`, `last_activity`) VALUES
('0466437f98c673ae9e9ebe64b2224e0eff53330e', 4, '::1', 'Mozilla/5.0 (Windows NT 10.0; WOW64) AppleWebKit/537.36 (KHTML, like Gecko) Chrome/54.0.2840.71 Safari/537.36', 'YTo4OntzOjk6Il9wcmV2aW91cyI7YToxOntzOjM6InVybCI7czozNDoiaHR0cDovL2xvY2FsaG9zdC9maW5hbC9pbnN0YXR1dGlvbiI7fXM6NToiZmxhc2giO2E6Mjp7czozOiJvbGQiO2E6MDp7fXM6MzoibmV3IjthOjA6e319czo2OiJfdG9rZW4iO3M6NDA6IlhZYWM5VEVqRnNmRW52dmJRZ0Z4Wk1EUkJqZFI4UGp3Q3ZzTGNJMmQiO3M6NTA6ImxvZ2luX3dlYl81OWJhMzZhZGRjMmIyZjk0MDE1ODBmMDE0YzdmNThlYTRlMzA5ODlkIjtpOjQ7czo5OiJwbGFuX25hbWUiO3M6Mzc6IiDZhdmK2YTYp9iv2Yo6IDIwMTcgfCAg2YfYrNix2Yo6IDE0MzgiO3M6NzoicGxhbl9pZCI7aToxNTtzOjM6InVybCI7YToxOntzOjg6ImludGVuZGVkIjtzOjIyOiJodHRwOi8vbG9jYWxob3N0L2ZpbmFsIjt9czo5OiJfc2YyX21ldGEiO2E6Mzp7czoxOiJ1IjtpOjE0NzkxMjkyNTA7czoxOiJjIjtpOjE0NzkxMjcyMzg7czoxOiJsIjtzOjE6IjAiO319', 1479129250),
('08a3b090e3a90d364986c5db0d2011166455045f', 4, '::1', 'Mozilla/5.0 (Windows NT 10.0; WOW64) AppleWebKit/537.36 (KHTML, like Gecko) Chrome/54.0.2840.71 Safari/537.36', 'YTo3OntzOjY6Il90b2tlbiI7czo0MDoiOElGc2FZRXdyWGpDR2RUNXJDVVNzYXdTcmx5Q09lVmUyUXg5R2tEbyI7czo5OiJfcHJldmlvdXMiO2E6MTp7czozOiJ1cmwiO3M6NjA6Imh0dHA6Ly9sb2NhbGhvc3QvZmluYWwvaW5zdGF0dXRpb24vcmVwb3J0cy9yZXNwb25zaWJsZXJlcG9ydCI7fXM6NToiZmxhc2giO2E6Mjp7czozOiJvbGQiO2E6MDp7fXM6MzoibmV3IjthOjA6e319czo1MDoibG9naW5fd2ViXzU5YmEzNmFkZGMyYjJmOTQwMTU4MGYwMTRjN2Y1OGVhNGUzMDk4OWQiO2k6NDtzOjk6InBsYW5fbmFtZSI7czozNzoiINmF2YrZhNin2K/ZijogMjAxNyB8ICDZh9is2LHZijogMTQzOCI7czo3OiJwbGFuX2lkIjtpOjE1O3M6OToiX3NmMl9tZXRhIjthOjM6e3M6MToidSI7aToxNDc4OTYwNjY2O3M6MToiYyI7aToxNDc4OTU4NzIwO3M6MToibCI7czoxOiIwIjt9fQ==', 1478960666),
('1113d01e912dcaeff57fbcdf9813ddf9b6e4cf46', 4, '::1', 'Mozilla/5.0 (Windows NT 10.0; WOW64) AppleWebKit/537.36 (KHTML, like Gecko) Chrome/54.0.2840.71 Safari/537.36', 'YToxOntzOjU6ImZsYXNoIjthOjI6e3M6Mzoib2xkIjthOjA6e31zOjM6Im5ldyI7YTowOnt9fX0=', 1479133190),
('4805f2ee6c6921a7b90e6d2895afb313766d0bce', 4, '::1', 'Mozilla/5.0 (Windows NT 10.0; WOW64) AppleWebKit/537.36 (KHTML, like Gecko) Chrome/54.0.2840.71 Safari/537.36', 'YTo3OntzOjY6Il90b2tlbiI7czo0MDoiaDhuOTdQT3dKWWRsRjVhbGV6QTlTaG1oM2ZxR2VtbUh0NVRTV3FSYiI7czo5OiJfcHJldmlvdXMiO2E6MTp7czozOiJ1cmwiO3M6MzQ6Imh0dHA6Ly9sb2NhbGhvc3QvZmluYWwvaW5zdGF0dXRpb24iO31zOjU6ImZsYXNoIjthOjI6e3M6Mzoib2xkIjthOjA6e31zOjM6Im5ldyI7YTowOnt9fXM6NTA6ImxvZ2luX3dlYl81OWJhMzZhZGRjMmIyZjk0MDE1ODBmMDE0YzdmNThlYTRlMzA5ODlkIjtpOjQ7czo5OiJwbGFuX25hbWUiO3M6Mzc6IiDZhdmK2YTYp9iv2Yo6IDIwMTcgfCAg2YfYrNix2Yo6IDE0MzgiO3M6NzoicGxhbl9pZCI7aToxNTtzOjk6Il9zZjJfbWV0YSI7YTozOntzOjE6InUiO2k6MTQ3ODc4OTA3MDtzOjE6ImMiO2k6MTQ3ODc3MzcyMztzOjE6ImwiO3M6MToiMCI7fX0=', 1478789071),
('8bd6a085217c94a6b9cfa925b53a5d6d57af944c', 4, '::1', 'Mozilla/5.0 (Windows NT 10.0; WOW64) AppleWebKit/537.36 (KHTML, like Gecko) Chrome/54.0.2840.71 Safari/537.36', 'YToxOntzOjU6ImZsYXNoIjthOjI6e3M6Mzoib2xkIjthOjA6e31zOjM6Im5ldyI7YTowOnt9fX0=', 1479133196),
('8daf86537fce8d2cecc751496d2a3d6811c5ee65', 4, '::1', 'Mozilla/5.0 (Windows NT 10.0; WOW64) AppleWebKit/537.36 (KHTML, like Gecko) Chrome/54.0.2840.71 Safari/537.36', 'YToxOntzOjU6ImZsYXNoIjthOjI6e3M6Mzoib2xkIjthOjA6e31zOjM6Im5ldyI7YTowOnt9fX0=', 1479133201),
('9b3882dce99ac0c16810ce6043eaf7db15fdf56f', 4, '::1', 'Mozilla/5.0 (Windows NT 10.0; WOW64) AppleWebKit/537.36 (KHTML, like Gecko) Chrome/54.0.2840.71 Safari/537.36', 'YTo3OntzOjY6Il90b2tlbiI7czo0MDoiWndOd2dlenRKWllUM21wNVZ1MzNNdmJybHZleldkdnpNSkRra1pQSiI7czo5OiJfcHJldmlvdXMiO2E6MTp7czozOiJ1cmwiO3M6MzQ6Imh0dHA6Ly9sb2NhbGhvc3QvZmluYWwvaW5zdGF0dXRpb24iO31zOjU6ImZsYXNoIjthOjI6e3M6Mzoib2xkIjthOjA6e31zOjM6Im5ldyI7YTowOnt9fXM6NTA6ImxvZ2luX3dlYl81OWJhMzZhZGRjMmIyZjk0MDE1ODBmMDE0YzdmNThlYTRlMzA5ODlkIjtpOjQ7czo5OiJwbGFuX25hbWUiO3M6Mzc6IiDZhdmK2YTYp9iv2Yo6IDIwMTcgfCAg2YfYrNix2Yo6IDE0MzgiO3M6NzoicGxhbl9pZCI7aToxNTtzOjk6Il9zZjJfbWV0YSI7YTozOntzOjE6InUiO2k6MTQ3ODk0NzAyOTtzOjE6ImMiO2k6MTQ3ODk0NjkzMDtzOjE6ImwiO3M6MToiMCI7fX0=', 1478947030),
('f73f4c306ebe7db307e9ca08668f7dc95a1bf925', 4, '::1', 'Mozilla/5.0 (Windows NT 10.0; WOW64) AppleWebKit/537.36 (KHTML, like Gecko) Chrome/54.0.2840.71 Safari/537.36', 'YTo3OntzOjY6Il90b2tlbiI7czo0MDoieXU1UW9LajkyZ0psZUI1NHJUc2F3amd4Qkp4WTJINUZ5TGg4YTNLTyI7czo5OiJfcHJldmlvdXMiO2E6MTp7czozOiJ1cmwiO3M6NDQ6Imh0dHA6Ly9sb2NhbGhvc3QvZmluYWwvaW5zdGF0dXRpb24vYWRkc2Nob29sIjt9czo1OiJmbGFzaCI7YToyOntzOjM6Im9sZCI7YTowOnt9czozOiJuZXciO2E6MDp7fX1zOjUwOiJsb2dpbl93ZWJfNTliYTM2YWRkYzJiMmY5NDAxNTgwZjAxNGM3ZjU4ZWE0ZTMwOTg5ZCI7aTo0O3M6OToicGxhbl9uYW1lIjtzOjM3OiIg2YXZitmE2KfYr9mKOiAyMDE3IHwgINmH2KzYsdmKOiAxNDM4IjtzOjc6InBsYW5faWQiO2k6MTU7czo5OiJfc2YyX21ldGEiO2E6Mzp7czoxOiJ1IjtpOjE0NzkwNDA3MTI7czoxOiJjIjtpOjE0NzkwNDA2NjU7czoxOiJsIjtzOjE6IjAiO319', 1479040712);

-- --------------------------------------------------------

--
-- Table structure for table `subject_plan`
--

CREATE TABLE IF NOT EXISTS `subject_plan` (
`sp_id` int(11) NOT NULL,
  `sub_name` varchar(45) DEFAULT NULL,
  `spec` varchar(45) DEFAULT NULL,
  `class_sub_num` int(11) DEFAULT NULL,
  `plans_p_id` int(11) NOT NULL
) ENGINE=InnoDB  DEFAULT CHARSET=utf8 AUTO_INCREMENT=120 ;

--
-- Dumping data for table `subject_plan`
--

INSERT INTO `subject_plan` (`sp_id`, `sub_name`, `spec`, `class_sub_num`, `plans_p_id`) VALUES
(109, 'التربية البدنية', 'التربية البدنية', 1, 15),
(110, 'التربية الفنية و المهنية', 'التربية الفنية و المهنية', 6, 15),
(111, 'التفسير', 'التربية الإسلامية', 6, 15),
(112, 'التوحيد', 'التربية الإسلامية', 6, 15),
(113, 'الحاسب الآلي', 'الحاسب الآلي', 3, 15),
(114, 'الحديث', 'التربية الإسلامية', 3, 15),
(115, 'الدراسات الاجتماعية والوطنية', 'الدراسات الاجتماعية والوطنية', 9, 15),
(116, 'الرياضيات', 'الرياضيات', 5, 15),
(117, 'العلوم', 'العلوم', 12, 15),
(118, 'الفقه', 'التربية الإسلامية', 6, 15),
(119, 'القرآن الكريم', 'التربية الإسلامية', 6, 15);

-- --------------------------------------------------------

--
-- Table structure for table `support`
--

CREATE TABLE IF NOT EXISTS `support` (
`su_id` int(11) NOT NULL,
  `su_name` varchar(45) DEFAULT NULL,
  `plans_p_id` int(11) NOT NULL
) ENGINE=InnoDB  DEFAULT CHARSET=utf8 AUTO_INCREMENT=71 ;

--
-- Dumping data for table `support`
--

INSERT INTO `support` (`su_id`, `su_name`, `plans_p_id`) VALUES
(64, 'إدارة التربية والتعليم بمحافظة ينبع	', 15),
(65, 'إدارة الخدمات التعليمية بينبع	', 15),
(66, 'قسم التوجيه والإرشاد بإدارة التعليم	', 15),
(67, 'قسم النشاط بإدارة التعليم	', 15),
(68, 'قسم النشاط بإدارة الخدمات	', 15),
(70, 'بدون ', 15);

-- --------------------------------------------------------

--
-- Table structure for table `swot_elm`
--

CREATE TABLE IF NOT EXISTS `swot_elm` (
`se_id` int(11) NOT NULL,
  `elm_name` varchar(100) DEFAULT NULL,
  `point_type` varchar(45) DEFAULT NULL,
  `fields_f_id` int(11) NOT NULL
) ENGINE=InnoDB  DEFAULT CHARSET=utf8 AUTO_INCREMENT=335 ;

--
-- Dumping data for table `swot_elm`
--

INSERT INTO `swot_elm` (`se_id`, `elm_name`, `point_type`, `fields_f_id`) VALUES
(314, 'نسبة كبيرة من الطلاب من الأحياء الأقل اهتمام من قبل أولياء الأمور	', 'ضعف', 140),
(315, 'تميز الكادر الفني والإداري بالمدرسة	', 'قوة', 142),
(316, 'المبنى مصمم أساسا لمدرسة ابتدائية وليس متوسطة	', 'ضعف', 144),
(317, 'المدرسة مزودة بكاميرات مراقبة داخلية وخارجية	', 'قوة', 144),
(318, 'صغر مساحة الصالة الرياضية	', 'ضعف', 144),
(320, 'مجاورة المدرسة لمركز تقنية المعلومات الخاص بالإدارة التعليمية	', 'فرص', 144),
(321, 'قرب المدرسة من السوق المحلي	', 'مخاطر', 144),
(322, 'وجود المدرسة في مدينة صناعية كثيرة الشركات الصناعيةالكبرى	', 'قوة', 145),
(323, 'لا يوجد سكرتير ولا مدخل بيانات بالمدرسة	', 'ضعف', 146),
(324, 'أولياء أمور فاعلين ومتعاونين', 'فرص', 145),
(325, 'وجود قرطاسية قريبة من المدرسة ', 'فرص', 141),
(326, 'مؤسسات المدينة لديها ثقافة الدعم والرعاية', 'فرص', 145),
(327, 'زيارات طلاب الثانويات للمدرسة بحجة السلام والتواصل', 'مخاطر', 140),
(328, 'الأحياء التابعة للمدرسة من الأحياء القديمة في مدينة ينبع الصناعية', 'مخاطر', 140),
(329, 'ترابط فريق العمل اجتماعياً وإنسانياً', 'قوة', 142),
(330, 'حسن استغلال التقنية والبرامج المساعدة في العمل التعليمي والإداري والتربوي', 'قوة', 146),
(331, 'الاتصال الفعال والتعاون الإيجابي بين قادة المدارس في المدينة', 'فرص', 146),
(333, 'استقطاب طلاب المدرسة من قبل مدارس أخرى', 'مخاطر', 140),
(334, 'عدم وجود حارس أمن خاص بالمدرسة', 'ضعف', 146);

-- --------------------------------------------------------

--
-- Table structure for table `swot_strategy`
--

CREATE TABLE IF NOT EXISTS `swot_strategy` (
`sg_id` int(11) NOT NULL,
  `sg_order` int(11) DEFAULT NULL,
  `sg_point` int(100) DEFAULT NULL,
  `what_can` text,
  `plans_p_id` int(11) NOT NULL,
  `first` varchar(255) DEFAULT NULL,
  `second` varchar(255) DEFAULT NULL
) ENGINE=InnoDB  DEFAULT CHARSET=utf8 AUTO_INCREMENT=12 ;

--
-- Dumping data for table `swot_strategy`
--

INSERT INTO `swot_strategy` (`sg_id`, `sg_order`, `sg_point`, `what_can`, `plans_p_id`, `first`, `second`) VALUES
(7, 1, 3, 'تكثيف الجانب الاشرافي من قبل فريق العمل للحد من ظاهرة ذهاب الطلاب للسوق بداية الدوام الرسمي وتأخرهم عن المدرسة	', 15, 'تميز الكادر الفني والإداري بالمدرسة	', 'قرب المدرسة من السوق المحلي	'),
(8, 1, 2, 'توفير المواد المهمة للتصوير والطباعة وكذلك صيانة الاجهزة في وقت سريع', 15, 'مجاورة المدرسة لمركز تقنية المعلومات الخاص بالإدارة التعليمية	', 'لا يوجد سكرتير ولا مدخل بيانات بالمدرسة	'),
(9, 1, 4, 'الاستفادة من الصالة الرياضية الصغيرة كساحة للمقصف و اضافة فسحة بداية الدوام الرسمي', 15, 'صغر مساحة الصالة الرياضية	', 'قرب المدرسة من السوق المحلي	'),
(10, 1, 1, 'سرعة اصلاح الاجهزية والحاسب الالي و جهاز العرض والسبورة الالكترونية', 15, 'مجاورة المدرسة لمركز تقنية المعلومات الخاص بالإدارة التعليمية	', 'تميز الكادر الفني والإداري بالمدرسة	'),
(11, 1, 1, 'الاستفادة من قربهم للصيانة والمحافظة على فاعليتها وسلامتها', 15, 'مجاورة المدرسة لمركز تقنية المعلومات الخاص بالإدارة التعليمية	', 'المدرسة مزودة بكاميرات مراقبة داخلية وخارجية	');

-- --------------------------------------------------------

--
-- Table structure for table `tec_count`
--

CREATE TABLE IF NOT EXISTS `tec_count` (
`tc_id` int(11) NOT NULL,
  `tc_name` varchar(45) DEFAULT NULL,
  `tc_num` varchar(45) DEFAULT NULL,
  `plans_p_id` int(11) NOT NULL
) ENGINE=InnoDB  DEFAULT CHARSET=utf8 AUTO_INCREMENT=506 ;

--
-- Dumping data for table `tec_count`
--

INSERT INTO `tec_count` (`tc_id`, `tc_name`, `tc_num`, `plans_p_id`) VALUES
(496, 'معلم اجتماعيات', '4', 15),
(497, 'معلم تربية إسلامية', '9', 15),
(498, 'معلم تربية رياضية', '1', 15),
(499, 'معلم تربية فنية', '2', 15),
(500, 'معلم حاسب آلي', '1', 15),
(501, 'معلم رياضيات', '5', 15),
(502, 'معلم علوم', '5', 15),
(503, 'معلم لغة إنجليزية', '3', 15),
(504, 'معلم لغة عربية', '6', 15),
(505, 'uu', '7', 15);

-- --------------------------------------------------------

--
-- Table structure for table `time`
--

CREATE TABLE IF NOT EXISTS `time` (
`t_id` int(11) NOT NULL,
  `t_name` varchar(45) DEFAULT NULL,
  `plans_p_id` int(11) NOT NULL
) ENGINE=InnoDB  DEFAULT CHARSET=utf8 AUTO_INCREMENT=57 ;

--
-- Dumping data for table `time`
--

INSERT INTO `time` (`t_id`, `t_name`, `plans_p_id`) VALUES
(47, 'أسبوع', 15),
(48, 'أسبوعان', 15),
(49, 'ثلاثة أسابيع	', 15),
(50, 'ثلاثة أشهر	', 15),
(51, 'ثلاثة أيام	', 15),
(52, 'شهر', 15),
(53, 'شهران', 15),
(54, 'عام دراسي	', 15),
(55, 'فصل دراسي	', 15),
(56, 'يوم واحد	', 15);

-- --------------------------------------------------------

--
-- Table structure for table `time_day`
--

CREATE TABLE IF NOT EXISTS `time_day` (
`tm_id` int(11) NOT NULL,
  `start_morning` varchar(45) DEFAULT NULL,
  `end_morning` varchar(45) DEFAULT NULL,
  `notes_morning` varchar(45) DEFAULT NULL,
  `start_1` varchar(45) DEFAULT NULL,
  `end_1` varchar(45) DEFAULT NULL,
  `notes_1` varchar(45) DEFAULT NULL,
  `start_2` varchar(45) DEFAULT NULL,
  `end_2` varchar(45) DEFAULT NULL,
  `notes_2` varchar(45) DEFAULT NULL,
  `start_3` varchar(45) DEFAULT NULL,
  `end_3` varchar(45) DEFAULT NULL,
  `notes_3` varchar(45) DEFAULT NULL,
  `start_4` varchar(45) DEFAULT NULL,
  `end_4` varchar(45) DEFAULT NULL,
  `notes_4` varchar(45) DEFAULT NULL,
  `start_5` varchar(45) DEFAULT NULL,
  `end_5` varchar(45) DEFAULT NULL,
  `notes_5` varchar(45) DEFAULT NULL,
  `start_6` varchar(45) DEFAULT NULL,
  `end_6` varchar(45) DEFAULT NULL,
  `notes_6` varchar(45) DEFAULT NULL,
  `start_7` varchar(45) DEFAULT NULL,
  `end_7` varchar(45) DEFAULT NULL,
  `notes_7` varchar(45) DEFAULT NULL,
  `start_8` varchar(45) DEFAULT NULL,
  `end_8` varchar(45) DEFAULT NULL,
  `notes_8` varchar(45) DEFAULT NULL,
  `plans_p_id` int(11) NOT NULL
) ENGINE=InnoDB  DEFAULT CHARSET=utf8 AUTO_INCREMENT=53 ;

--
-- Dumping data for table `time_day`
--

INSERT INTO `time_day` (`tm_id`, `start_morning`, `end_morning`, `notes_morning`, `start_1`, `end_1`, `notes_1`, `start_2`, `end_2`, `notes_2`, `start_3`, `end_3`, `notes_3`, `start_4`, `end_4`, `notes_4`, `start_5`, `end_5`, `notes_5`, `start_6`, `end_6`, `notes_6`, `start_7`, `end_7`, `notes_7`, `start_8`, `end_8`, `notes_8`, `plans_p_id`) VALUES
(52, '07:15', '07:30', '', '7:30', '08:15', '', '08:15', '09:00', 'الفصحة الأولى 9:00', '9:00', '9:45', 'الفسحة الثانية 9:45', '10:05', '10:55', '', '10:55', '11:40', '', '11:40', '12:25', '', '12:25', '01:05', '', '', '', '', 15);

-- --------------------------------------------------------

--
-- Table structure for table `users`
--

CREATE TABLE IF NOT EXISTS `users` (
`id` int(11) NOT NULL,
  `username` varchar(100) DEFAULT NULL,
  `email` varchar(100) DEFAULT NULL,
  `password` varchar(255) DEFAULT NULL,
  `phone` varchar(45) DEFAULT NULL,
  `type` varchar(45) DEFAULT NULL,
  `status` varchar(45) DEFAULT NULL,
  `logo` varchar(255) DEFAULT NULL,
  `remember_token` varchar(100) DEFAULT NULL,
  `created_at` timestamp NULL DEFAULT NULL,
  `updated_at` timestamp NULL DEFAULT NULL,
  `operations` int(11) DEFAULT NULL,
  `maindata` int(11) DEFAULT NULL,
  `strategy` int(11) DEFAULT NULL,
  `swat` int(11) DEFAULT NULL,
  `plansetting` int(11) DEFAULT NULL,
  `systemsetting` int(11) DEFAULT NULL,
  `reports` int(11) DEFAULT NULL,
  `schools_sch_id` int(11) NOT NULL
) ENGINE=InnoDB  DEFAULT CHARSET=utf8 AUTO_INCREMENT=6 ;

--
-- Dumping data for table `users`
--

INSERT INTO `users` (`id`, `username`, `email`, `password`, `phone`, `type`, `status`, `logo`, `remember_token`, `created_at`, `updated_at`, `operations`, `maindata`, `strategy`, `swat`, `plansetting`, `systemsetting`, `reports`, `schools_sch_id`) VALUES
(4, 'admin', 'Yousifaboasim@gmail.com', '$2y$10$u.Rr1IB9/cK.fZqUOrQ74O5xBdInogxZ2flSGTi.FyGY7f7rWDihq', '0556686866', 'admin', NULL, '1478379758ik_logo.jpg', 'hnInPfQE6jV0lkKYWgLdE4spuzxfe000R1fmDsKU7W9oFataqyhcxUDnHDuC', '2016-10-05 10:08:54', '2016-11-14 17:47:27', 1, 1, 1, 1, 1, 1, 1, 8),
(5, 'm', 'm@m.m', '$2y$10$ySu1oFOGUDg45TUND1pzBumR5hJLwDZ1HZOG53bAj2InYRTkcBcKG', NULL, 'agent', NULL, NULL, 'sdwz6ynbC7k2kgfSGoWQJBs1CxpyiUczYADFw4oxDQa82NmwfEdco4wOm0Cg', '2016-10-25 08:48:25', '2016-11-04 00:56:17', NULL, NULL, NULL, NULL, 1, NULL, 1, 8);

-- --------------------------------------------------------

--
-- Table structure for table `values`
--

CREATE TABLE IF NOT EXISTS `values` (
`vl_id` int(11) NOT NULL,
  `vl_name` varchar(100) DEFAULT NULL,
  `vl_value` text,
  `plans_p_id` int(11) NOT NULL
) ENGINE=InnoDB  DEFAULT CHARSET=utf8 AUTO_INCREMENT=234 ;

--
-- Dumping data for table `values`
--

INSERT INTO `values` (`vl_id`, `vl_name`, `vl_value`, `plans_p_id`) VALUES
(227, 'التطوير والتدريب	', 'حريصون على تطوير الموارد البشرية والمادية بالأمكانات المتاحة داخليا وخارجياً', 15),
(228, 'خدمة المجتمع	', 'من اهم قيمنا ان يكون لنا دور بارز ومؤثر في المجتمع المحيط والأحياء التي ترتبط بمدرستنا', 15),
(229, 'العمل كفريق واحد	', 'مؤمن بالعمل الجماعي بروح واحدة وبرؤية واضحة وشعار يتفق عليه ويردده الجميع', 15),
(230, 'التميز والجودة	', 'مستمرون في التميز بتطبيق الجودة والحرص على المنافسة في كل ميدان', 15),
(231, 'التعاون والتكاتف	', 'حريصون على تكامل الأدوار فيما بين فريق العمل في جو يعتمد على التعاون', 15),
(232, 'الطالب أولاً', 'يعتبر الطالب هو أساس المدرسة وسبب نشأتها لذا فهو المعني أولاً بكل جهودنا', 15),
(233, 'بيئة أفضل', 'نحافظ على نظافة البيئة المدرسية وجمالها وسلامة ممتلكاتها وجاهزيتها الدائمة', 15);

-- --------------------------------------------------------

--
-- Table structure for table `vms`
--

CREATE TABLE IF NOT EXISTS `vms` (
`vm_id` int(11) NOT NULL,
  `vission` text,
  `mession` text,
  `slogan` text,
  `start` text,
  `plans_p_id` int(11) NOT NULL
) ENGINE=InnoDB  DEFAULT CHARSET=utf8 AUTO_INCREMENT=48 ;

--
-- Dumping data for table `vms`
--

INSERT INTO `vms` (`vm_id`, `vission`, `mession`, `slogan`, `start`, `plans_p_id`) VALUES
(47, '   أن تكون مدرستنا المنار المعرفي الأبرز في منطقتنا\r\n   ', '   العمل على انتاج جيل معرفي واعد يستفيد من كل الموارد المتاحة من خلال فريق عمل خبير ومتمكن فنيا وبتفعيل تقنيات التعليم و تنفيذ استراتيجيات التعلم الحديثة .\r\n   ', '      نعمل .. نجو جيل معرفي بناء\r\n ', '..\r\n...\r\n...\r\n...\r\n    الحمد لله رب العالمين والصلاة والسلام على أشرف الأنبياء والمرسلين وبعد : فنجاح المدرسة يعتمد على نجاح الإنسان المسؤول عنها, ومدى كفاءته وقدرته التخطيط , فلقد أصبح التخطيط ضروريا وهاما لكل مجالات الحياة , وهو أكثر أهمية في المجال التربوي ، وحتى يكون مدير المدرسة قادرا على بناء خطط العمل المدرسي فلا بد أن يكون ملما, وواعيا لمعنى التخطيط وأهميته وفوائده وكيفية بناء الخطة, وتنفيذها, ومتابعتها وتطويرها ،ولا بد له أن يعلم أن التخطيط عملية أو نشاط مستمر ودائم التجدد ، يتضمن عملية وضع الأهداف وتحديدها وتنفيذها واختيار وسائل وطرق تقويم العمل ومتابعته وتطويره.\r\nتعديل  ', 15);

-- --------------------------------------------------------

--
-- Table structure for table `work_team`
--

CREATE TABLE IF NOT EXISTS `work_team` (
`w_id` int(11) NOT NULL,
  `w_name` varchar(45) DEFAULT NULL,
  `w_spec` varchar(45) DEFAULT NULL,
  `created_at` timestamp NULL DEFAULT NULL,
  `updated_at` timestamp NULL DEFAULT NULL,
  `plans_p_id` int(11) NOT NULL
) ENGINE=InnoDB  DEFAULT CHARSET=utf8 AUTO_INCREMENT=186 ;

--
-- Dumping data for table `work_team`
--

INSERT INTO `work_team` (`w_id`, `w_name`, `w_spec`, `created_at`, `updated_at`, `plans_p_id`) VALUES
(143, 'أحمد عويد الجهني', 'اجتماعيات', '2016-10-21 15:38:49', '2016-10-21 15:38:49', 15),
(144, 'امين عبدالرحمن الاحمدي', 'علوم', '2016-10-21 15:39:10', '2016-10-21 15:39:10', 15),
(145, 'بدر ظافر الشهري', 'تربية اسلامية', '2016-10-21 15:40:04', '2016-10-21 15:40:04', 15),
(146, 'بدر عمر الحصين', 'اجتماعيات', '2016-10-21 15:40:26', '2016-10-21 15:40:26', 15),
(147, 'بندر خالد الحربي', 'رياضيات', '2016-10-21 15:41:05', '2016-10-21 15:41:05', 15),
(148, 'حسام حسين سيبه', 'حاسب آلي', '2016-10-21 15:41:53', '2016-10-21 15:41:53', 15),
(149, 'حسن فهيد الرشيدي', 'رياضيات', '2016-10-21 15:42:24', '2016-10-21 15:42:24', 15),
(150, 'حمود حامد الحربي', 'لغة انجليزية', '2016-10-21 15:42:53', '2016-10-21 15:42:53', 15),
(151, 'خالد سالم المرواني', 'اجتماعيات', '2016-10-21 15:43:23', '2016-10-21 15:43:23', 15),
(152, 'رائد عبدالله خشيم', 'لغة انجليزية', '2016-10-21 15:43:47', '2016-10-21 15:43:47', 15),
(153, 'رياض سعيد المنمص', 'علم نفس', '2016-10-21 15:44:10', '2016-10-21 15:44:10', 15),
(154, 'سيف محمد الكودي', 'لغة عربية', '2016-10-21 15:44:34', '2016-10-21 15:44:34', 15),
(155, 'طلال سليمان الفيفي', 'تربية اسلامية', '2016-10-21 15:45:12', '2016-10-21 15:45:12', 15),
(156, 'عادل عبدالرحمن ابوعايد', 'تربية اسلامية', '2016-10-21 15:45:32', '2016-10-21 15:45:32', 15),
(157, 'عبدالرحمن احمد المالكي', 'رياضيات', '2016-10-21 15:45:52', '2016-10-21 15:45:52', 15),
(158, 'عبدالرزاق جمعان الزهراني', 'علوم', '2016-10-21 15:46:13', '2016-10-21 15:46:13', 15),
(159, 'عبدالعزيز صالح الزهراني', 'لغة عربية', '2016-10-21 15:47:15', '2016-10-21 15:47:15', 15),
(160, 'عبدالعزيز عبدالكريم العنزي', 'فقة', '2016-10-21 15:47:37', '2016-10-21 15:47:37', 15),
(161, 'عبدالعزيز عبدالله السعيد', 'تربية اسلامية', '2016-10-21 15:47:58', '2016-10-21 15:47:58', 15),
(162, 'عبدالعزيز مريشيد المطيري', 'لغة عربية', '2016-10-21 15:48:18', '2016-10-21 15:48:18', 15),
(163, 'عبدالله حمزة الرفاعي', 'تربية فنية', '2016-10-21 15:48:39', '2016-10-21 15:48:39', 15),
(164, 'عبدالله عائض هادي المحامض', 'علم المعلومات', '2016-10-21 15:49:01', '2016-10-21 15:49:01', 15),
(165, 'غازي مبرك الفايدي', 'اجتماعيات', '2016-10-21 15:50:26', '2016-10-21 15:50:26', 15),
(166, 'فايز محسن النفاعي', 'رياضيات', '2016-10-21 15:50:56', '2016-10-21 15:50:56', 15),
(167, 'فهد عبدالرحمن الحشر', 'علم نفس', '2016-10-21 15:51:20', '2016-10-21 15:51:20', 15),
(168, 'محمد سالم الفيفي', 'لغة عربية', '2016-10-21 15:51:59', '2016-10-21 15:51:59', 15),
(169, 'محمد عبدالله محمد الشهري', 'أحياء', '2016-10-21 15:52:18', '2016-10-21 15:52:18', 15),
(170, 'مشعل لافي العتيبي', 'لغة انجليزية', '2016-10-21 15:52:37', '2016-10-21 15:52:37', 15),
(171, 'مصطفى محمود الفاضل الشنقيطي', 'إدارة تربوية - فيزياء', '2016-10-21 15:53:00', '2016-10-21 15:53:00', 15),
(172, 'نبيل احمد الغامدي', 'تربية إسلامية', '2016-10-21 15:53:22', '2016-10-21 15:53:22', 15),
(173, 'هاشم محمد زيدان', 'لغة انجليزية', '2016-10-21 15:54:21', '2016-10-21 15:54:21', 15),
(174, 'هنيد محمد الحرازي', 'تربية فنية', '2016-10-21 15:54:41', '2016-10-21 15:54:41', 15),
(175, 'وائل مرزوق الجريسي', 'تربية بدنية', '2016-10-21 15:55:05', '2016-10-21 15:55:05', 15),
(176, 'وليد محسن مسملي', 'لغة عربية', '2016-10-21 15:55:24', '2016-10-21 15:55:24', 15),
(177, 'ياسر حميد المالكي', 'علوم', '2016-10-21 15:55:41', '2016-10-21 15:55:41', 15),
(178, 'يوسف بن سالم الشهري', 'إدارة تربوية _ حاسب آلي', '2016-10-21 15:56:04', '2016-10-21 15:56:04', 15),
(179, 'عبداللـه بن يحيى عمر الحارثي ', 'محضر مختبر العلوم', '2016-10-29 10:07:56', '2016-10-29 10:07:56', 15),
(180, 'ياسين عبدالعزيز خضر ', 'تربية إسلامية', '2016-10-29 10:08:31', '2016-10-29 10:08:31', 15),
(181, 'عبدالله علي الزاعبي ', 'تربية إسلامية', '2016-10-29 10:09:14', '2016-10-29 10:09:14', 15),
(182, 'صالح ردة الحربي ', 'رياضيات', '2016-10-29 10:09:35', '2016-10-29 10:09:35', 15),
(183, 'علي حسن عسيري ', 'علوم', '2016-10-29 10:09:55', '2016-10-29 10:09:55', 15),
(184, 'عبدالمجيد عبدالاله العامري ', 'لغة عربية', '2016-10-29 10:12:08', '2016-10-29 10:12:08', 15),
(185, 'حامد محمد العامري ', 'تربية إسلامية', '2016-10-29 10:13:34', '2016-10-29 10:13:34', 15);

--
-- Indexes for dumped tables
--

--
-- Indexes for table `actions`
--
ALTER TABLE `actions`
 ADD PRIMARY KEY (`ac_id`), ADD KEY `fk_actions_plans1_idx` (`plans_p_id`), ADD KEY `fk_actions_time1_idx` (`time_t_id`), ADD KEY `fk_actions_profit1_idx` (`profit_pr_id`);

--
-- Indexes for table `actions_has_d_goal`
--
ALTER TABLE `actions_has_d_goal`
 ADD PRIMARY KEY (`actions_ac_id`,`d_goal_dg_id`), ADD KEY `fk_actions_has_d_goal_d_goal1_idx` (`d_goal_dg_id`), ADD KEY `fk_actions_has_d_goal_actions1_idx` (`actions_ac_id`);

--
-- Indexes for table `actions_has_requirement`
--
ALTER TABLE `actions_has_requirement`
 ADD PRIMARY KEY (`actions_ac_id`,`requirement_re_id`), ADD KEY `fk_actions_has_requirement_requirement1_idx` (`requirement_re_id`), ADD KEY `fk_actions_has_requirement_actions1_idx` (`actions_ac_id`);

--
-- Indexes for table `actions_has_responsible`
--
ALTER TABLE `actions_has_responsible`
 ADD PRIMARY KEY (`actions_ac_id`,`responsible_rs_id`), ADD KEY `fk_actions_has_responsible_responsible1_idx` (`responsible_rs_id`), ADD KEY `fk_actions_has_responsible_actions1_idx` (`actions_ac_id`);

--
-- Indexes for table `actions_has_responsible1`
--
ALTER TABLE `actions_has_responsible1`
 ADD PRIMARY KEY (`actions_ac_id`,`responsible_rs_id`), ADD KEY `fk_actions_has_responsible1_responsible1_idx` (`responsible_rs_id`), ADD KEY `fk_actions_has_responsible1_actions1_idx` (`actions_ac_id`);

--
-- Indexes for table `actions_has_support`
--
ALTER TABLE `actions_has_support`
 ADD PRIMARY KEY (`actions_ac_id`,`support_su_id`), ADD KEY `fk_actions_has_support_support1_idx` (`support_su_id`), ADD KEY `fk_actions_has_support_actions1_idx` (`actions_ac_id`);

--
-- Indexes for table `admin_count`
--
ALTER TABLE `admin_count`
 ADD PRIMARY KEY (`ca_id`), ADD KEY `fk_count_admin_plans1_idx` (`plans_p_id`);

--
-- Indexes for table `announcement`
--
ALTER TABLE `announcement`
 ADD PRIMARY KEY (`an_id`), ADD KEY `fk_announcement_plans1_idx` (`plans_p_id`);

--
-- Indexes for table `backup`
--
ALTER TABLE `backup`
 ADD PRIMARY KEY (`id`);

--
-- Indexes for table `buliding_count`
--
ALTER TABLE `buliding_count`
 ADD PRIMARY KEY (`bu_id`), ADD KEY `fk_buliding_count_plans1_idx` (`plans_p_id`);

--
-- Indexes for table `category_time`
--
ALTER TABLE `category_time`
 ADD PRIMARY KEY (`ct_id`), ADD KEY `fk_category_time_plans1_idx` (`plans_p_id`);

--
-- Indexes for table `class_count`
--
ALTER TABLE `class_count`
 ADD PRIMARY KEY (`cc_id`), ADD KEY `fk_class_count_plans1_idx` (`plans_p_id`);

--
-- Indexes for table `data`
--
ALTER TABLE `data`
 ADD PRIMARY KEY (`d_id`), ADD KEY `fk_data_schools1_idx` (`schools_sch_id`);

--
-- Indexes for table `d_goal`
--
ALTER TABLE `d_goal`
 ADD PRIMARY KEY (`dg_id`), ADD KEY `fk_d_goal_g_goal1_idx` (`g_goal_g_id`);

--
-- Indexes for table `events`
--
ALTER TABLE `events`
 ADD PRIMARY KEY (`ev_id`), ADD KEY `fk_events_plans1_idx` (`plans_p_id`);

--
-- Indexes for table `events_has_responsible`
--
ALTER TABLE `events_has_responsible`
 ADD PRIMARY KEY (`events_ev_id`,`responsible_rs_id`), ADD KEY `fk_events_has_responsible_responsible1_idx` (`responsible_rs_id`), ADD KEY `fk_events_has_responsible_events1_idx` (`events_ev_id`);

--
-- Indexes for table `events_has_responsible1`
--
ALTER TABLE `events_has_responsible1`
 ADD PRIMARY KEY (`events_ev_id`,`responsible_rs_id`), ADD KEY `fk_events_has_responsible1_responsible1_idx` (`responsible_rs_id`), ADD KEY `fk_events_has_responsible1_events1_idx` (`events_ev_id`);

--
-- Indexes for table `fields`
--
ALTER TABLE `fields`
 ADD PRIMARY KEY (`f_id`), ADD KEY `fk_fields_plans1_idx` (`plans_p_id`);

--
-- Indexes for table `g_goal`
--
ALTER TABLE `g_goal`
 ADD PRIMARY KEY (`g_id`), ADD KEY `fk_g_goal_fields1_idx` (`fields_f_id`);

--
-- Indexes for table `leaders_team`
--
ALTER TABLE `leaders_team`
 ADD PRIMARY KEY (`l_id`), ADD KEY `fk_leaders_team_plans1_idx` (`plans_p_id`);

--
-- Indexes for table `periods`
--
ALTER TABLE `periods`
 ADD PRIMARY KEY (`pe_id`), ADD KEY `fk_periods_plans1_idx` (`plans_p_id`);

--
-- Indexes for table `plans`
--
ALTER TABLE `plans`
 ADD PRIMARY KEY (`p_id`), ADD KEY `fk_plans_schools1_idx` (`schools_sch_id`);

--
-- Indexes for table `plan_team`
--
ALTER TABLE `plan_team`
 ADD PRIMARY KEY (`pl_id`), ADD KEY `fk_plan_team_plans1_idx` (`plans_p_id`);

--
-- Indexes for table `profit`
--
ALTER TABLE `profit`
 ADD PRIMARY KEY (`pr_id`), ADD KEY `fk_profit_plans1_idx` (`plans_p_id`);

--
-- Indexes for table `range`
--
ALTER TABLE `range`
 ADD PRIMARY KEY (`r_id`);

--
-- Indexes for table `requirement`
--
ALTER TABLE `requirement`
 ADD PRIMARY KEY (`re_id`), ADD KEY `fk_requirement_plans1_idx` (`plans_p_id`);

--
-- Indexes for table `responsible`
--
ALTER TABLE `responsible`
 ADD PRIMARY KEY (`rs_id`), ADD KEY `fk_responsible_plans1_idx` (`plans_p_id`);

--
-- Indexes for table `schools`
--
ALTER TABLE `schools`
 ADD PRIMARY KEY (`sch_id`);

--
-- Indexes for table `sessions`
--
ALTER TABLE `sessions`
 ADD UNIQUE KEY `sessions_id_unique` (`id`);

--
-- Indexes for table `subject_plan`
--
ALTER TABLE `subject_plan`
 ADD PRIMARY KEY (`sp_id`), ADD KEY `fk_subject_plan_plans1_idx` (`plans_p_id`);

--
-- Indexes for table `support`
--
ALTER TABLE `support`
 ADD PRIMARY KEY (`su_id`), ADD KEY `fk_support_plans1_idx` (`plans_p_id`);

--
-- Indexes for table `swot_elm`
--
ALTER TABLE `swot_elm`
 ADD PRIMARY KEY (`se_id`), ADD KEY `fk_swot_elm_fields1_idx` (`fields_f_id`);

--
-- Indexes for table `swot_strategy`
--
ALTER TABLE `swot_strategy`
 ADD PRIMARY KEY (`sg_id`), ADD KEY `fk_swot_strategy_plans1_idx` (`plans_p_id`);

--
-- Indexes for table `tec_count`
--
ALTER TABLE `tec_count`
 ADD PRIMARY KEY (`tc_id`), ADD KEY `fk_tec_count_plans1_idx` (`plans_p_id`);

--
-- Indexes for table `time`
--
ALTER TABLE `time`
 ADD PRIMARY KEY (`t_id`), ADD KEY `fk_time_plans1_idx` (`plans_p_id`);

--
-- Indexes for table `time_day`
--
ALTER TABLE `time_day`
 ADD PRIMARY KEY (`tm_id`), ADD KEY `fk_time_day_plans1_idx` (`plans_p_id`);

--
-- Indexes for table `users`
--
ALTER TABLE `users`
 ADD PRIMARY KEY (`id`), ADD KEY `fk_users_schools_idx` (`schools_sch_id`);

--
-- Indexes for table `values`
--
ALTER TABLE `values`
 ADD PRIMARY KEY (`vl_id`), ADD KEY `fk_values_plans1_idx` (`plans_p_id`);

--
-- Indexes for table `vms`
--
ALTER TABLE `vms`
 ADD PRIMARY KEY (`vm_id`), ADD KEY `fk_vms_plans1_idx` (`plans_p_id`);

--
-- Indexes for table `work_team`
--
ALTER TABLE `work_team`
 ADD PRIMARY KEY (`w_id`), ADD KEY `fk_work_team_plans1_idx` (`plans_p_id`);

--
-- AUTO_INCREMENT for dumped tables
--

--
-- AUTO_INCREMENT for table `actions`
--
ALTER TABLE `actions`
MODIFY `ac_id` int(11) NOT NULL AUTO_INCREMENT,AUTO_INCREMENT=85;
--
-- AUTO_INCREMENT for table `admin_count`
--
ALTER TABLE `admin_count`
MODIFY `ca_id` int(11) NOT NULL AUTO_INCREMENT,AUTO_INCREMENT=352;
--
-- AUTO_INCREMENT for table `announcement`
--
ALTER TABLE `announcement`
MODIFY `an_id` int(11) NOT NULL AUTO_INCREMENT,AUTO_INCREMENT=2;
--
-- AUTO_INCREMENT for table `backup`
--
ALTER TABLE `backup`
MODIFY `id` int(11) NOT NULL AUTO_INCREMENT,AUTO_INCREMENT=27;
--
-- AUTO_INCREMENT for table `buliding_count`
--
ALTER TABLE `buliding_count`
MODIFY `bu_id` int(11) NOT NULL AUTO_INCREMENT,AUTO_INCREMENT=975;
--
-- AUTO_INCREMENT for table `category_time`
--
ALTER TABLE `category_time`
MODIFY `ct_id` int(11) NOT NULL AUTO_INCREMENT;
--
-- AUTO_INCREMENT for table `class_count`
--
ALTER TABLE `class_count`
MODIFY `cc_id` int(11) NOT NULL AUTO_INCREMENT,AUTO_INCREMENT=166;
--
-- AUTO_INCREMENT for table `data`
--
ALTER TABLE `data`
MODIFY `d_id` int(11) NOT NULL AUTO_INCREMENT,AUTO_INCREMENT=371;
--
-- AUTO_INCREMENT for table `d_goal`
--
ALTER TABLE `d_goal`
MODIFY `dg_id` int(11) NOT NULL AUTO_INCREMENT,AUTO_INCREMENT=236;
--
-- AUTO_INCREMENT for table `events`
--
ALTER TABLE `events`
MODIFY `ev_id` int(11) NOT NULL AUTO_INCREMENT,AUTO_INCREMENT=5;
--
-- AUTO_INCREMENT for table `fields`
--
ALTER TABLE `fields`
MODIFY `f_id` int(11) NOT NULL AUTO_INCREMENT,AUTO_INCREMENT=147;
--
-- AUTO_INCREMENT for table `g_goal`
--
ALTER TABLE `g_goal`
MODIFY `g_id` int(11) NOT NULL AUTO_INCREMENT,AUTO_INCREMENT=430;
--
-- AUTO_INCREMENT for table `leaders_team`
--
ALTER TABLE `leaders_team`
MODIFY `l_id` int(11) NOT NULL AUTO_INCREMENT,AUTO_INCREMENT=119;
--
-- AUTO_INCREMENT for table `periods`
--
ALTER TABLE `periods`
MODIFY `pe_id` int(11) NOT NULL AUTO_INCREMENT,AUTO_INCREMENT=123;
--
-- AUTO_INCREMENT for table `plans`
--
ALTER TABLE `plans`
MODIFY `p_id` int(11) NOT NULL AUTO_INCREMENT,AUTO_INCREMENT=16;
--
-- AUTO_INCREMENT for table `plan_team`
--
ALTER TABLE `plan_team`
MODIFY `pl_id` int(11) NOT NULL AUTO_INCREMENT,AUTO_INCREMENT=194;
--
-- AUTO_INCREMENT for table `profit`
--
ALTER TABLE `profit`
MODIFY `pr_id` int(11) NOT NULL AUTO_INCREMENT,AUTO_INCREMENT=63;
--
-- AUTO_INCREMENT for table `range`
--
ALTER TABLE `range`
MODIFY `r_id` int(11) NOT NULL AUTO_INCREMENT;
--
-- AUTO_INCREMENT for table `requirement`
--
ALTER TABLE `requirement`
MODIFY `re_id` int(11) NOT NULL AUTO_INCREMENT,AUTO_INCREMENT=101;
--
-- AUTO_INCREMENT for table `responsible`
--
ALTER TABLE `responsible`
MODIFY `rs_id` int(11) NOT NULL AUTO_INCREMENT,AUTO_INCREMENT=158;
--
-- AUTO_INCREMENT for table `schools`
--
ALTER TABLE `schools`
MODIFY `sch_id` int(11) NOT NULL AUTO_INCREMENT,AUTO_INCREMENT=9;
--
-- AUTO_INCREMENT for table `subject_plan`
--
ALTER TABLE `subject_plan`
MODIFY `sp_id` int(11) NOT NULL AUTO_INCREMENT,AUTO_INCREMENT=120;
--
-- AUTO_INCREMENT for table `support`
--
ALTER TABLE `support`
MODIFY `su_id` int(11) NOT NULL AUTO_INCREMENT,AUTO_INCREMENT=71;
--
-- AUTO_INCREMENT for table `swot_elm`
--
ALTER TABLE `swot_elm`
MODIFY `se_id` int(11) NOT NULL AUTO_INCREMENT,AUTO_INCREMENT=335;
--
-- AUTO_INCREMENT for table `swot_strategy`
--
ALTER TABLE `swot_strategy`
MODIFY `sg_id` int(11) NOT NULL AUTO_INCREMENT,AUTO_INCREMENT=12;
--
-- AUTO_INCREMENT for table `tec_count`
--
ALTER TABLE `tec_count`
MODIFY `tc_id` int(11) NOT NULL AUTO_INCREMENT,AUTO_INCREMENT=506;
--
-- AUTO_INCREMENT for table `time`
--
ALTER TABLE `time`
MODIFY `t_id` int(11) NOT NULL AUTO_INCREMENT,AUTO_INCREMENT=57;
--
-- AUTO_INCREMENT for table `time_day`
--
ALTER TABLE `time_day`
MODIFY `tm_id` int(11) NOT NULL AUTO_INCREMENT,AUTO_INCREMENT=53;
--
-- AUTO_INCREMENT for table `users`
--
ALTER TABLE `users`
MODIFY `id` int(11) NOT NULL AUTO_INCREMENT,AUTO_INCREMENT=6;
--
-- AUTO_INCREMENT for table `values`
--
ALTER TABLE `values`
MODIFY `vl_id` int(11) NOT NULL AUTO_INCREMENT,AUTO_INCREMENT=234;
--
-- AUTO_INCREMENT for table `vms`
--
ALTER TABLE `vms`
MODIFY `vm_id` int(11) NOT NULL AUTO_INCREMENT,AUTO_INCREMENT=48;
--
-- AUTO_INCREMENT for table `work_team`
--
ALTER TABLE `work_team`
MODIFY `w_id` int(11) NOT NULL AUTO_INCREMENT,AUTO_INCREMENT=186;
--
-- Constraints for dumped tables
--

--
-- Constraints for table `actions`
--
ALTER TABLE `actions`
ADD CONSTRAINT `fk_actions_plans1` FOREIGN KEY (`plans_p_id`) REFERENCES `plans` (`p_id`) ON DELETE CASCADE ON UPDATE CASCADE,
ADD CONSTRAINT `fk_actions_profit1` FOREIGN KEY (`profit_pr_id`) REFERENCES `profit` (`pr_id`) ON DELETE CASCADE ON UPDATE CASCADE,
ADD CONSTRAINT `fk_actions_time1` FOREIGN KEY (`time_t_id`) REFERENCES `time` (`t_id`) ON DELETE CASCADE ON UPDATE CASCADE;

--
-- Constraints for table `actions_has_d_goal`
--
ALTER TABLE `actions_has_d_goal`
ADD CONSTRAINT `fk_actions_has_d_goal_actions1` FOREIGN KEY (`actions_ac_id`) REFERENCES `actions` (`ac_id`) ON DELETE CASCADE ON UPDATE CASCADE,
ADD CONSTRAINT `fk_actions_has_d_goal_d_goal1` FOREIGN KEY (`d_goal_dg_id`) REFERENCES `d_goal` (`dg_id`) ON DELETE CASCADE ON UPDATE CASCADE;

--
-- Constraints for table `actions_has_requirement`
--
ALTER TABLE `actions_has_requirement`
ADD CONSTRAINT `fk_actions_has_requirement_actions1` FOREIGN KEY (`actions_ac_id`) REFERENCES `actions` (`ac_id`) ON DELETE CASCADE ON UPDATE CASCADE,
ADD CONSTRAINT `fk_actions_has_requirement_requirement1` FOREIGN KEY (`requirement_re_id`) REFERENCES `requirement` (`re_id`) ON DELETE CASCADE ON UPDATE CASCADE;

--
-- Constraints for table `actions_has_responsible`
--
ALTER TABLE `actions_has_responsible`
ADD CONSTRAINT `fk_actions_has_responsible_actions1` FOREIGN KEY (`actions_ac_id`) REFERENCES `actions` (`ac_id`) ON DELETE CASCADE ON UPDATE CASCADE,
ADD CONSTRAINT `fk_actions_has_responsible_responsible1` FOREIGN KEY (`responsible_rs_id`) REFERENCES `responsible` (`rs_id`) ON DELETE CASCADE ON UPDATE CASCADE;

--
-- Constraints for table `actions_has_responsible1`
--
ALTER TABLE `actions_has_responsible1`
ADD CONSTRAINT `fk_actions_has_responsible1_actions1` FOREIGN KEY (`actions_ac_id`) REFERENCES `actions` (`ac_id`) ON DELETE CASCADE ON UPDATE CASCADE,
ADD CONSTRAINT `fk_actions_has_responsible1_responsible1` FOREIGN KEY (`responsible_rs_id`) REFERENCES `responsible` (`rs_id`) ON DELETE CASCADE ON UPDATE CASCADE;

--
-- Constraints for table `actions_has_support`
--
ALTER TABLE `actions_has_support`
ADD CONSTRAINT `fk_actions_has_support_actions1` FOREIGN KEY (`actions_ac_id`) REFERENCES `actions` (`ac_id`) ON DELETE CASCADE ON UPDATE CASCADE,
ADD CONSTRAINT `fk_actions_has_support_support1` FOREIGN KEY (`support_su_id`) REFERENCES `support` (`su_id`) ON DELETE CASCADE ON UPDATE CASCADE;

--
-- Constraints for table `admin_count`
--
ALTER TABLE `admin_count`
ADD CONSTRAINT `fk_count_admin_plans1` FOREIGN KEY (`plans_p_id`) REFERENCES `plans` (`p_id`) ON DELETE CASCADE ON UPDATE CASCADE;

--
-- Constraints for table `announcement`
--
ALTER TABLE `announcement`
ADD CONSTRAINT `fk_announcement_plans1` FOREIGN KEY (`plans_p_id`) REFERENCES `plans` (`p_id`) ON DELETE CASCADE ON UPDATE CASCADE;

--
-- Constraints for table `buliding_count`
--
ALTER TABLE `buliding_count`
ADD CONSTRAINT `fk_buliding_count_plans1` FOREIGN KEY (`plans_p_id`) REFERENCES `plans` (`p_id`) ON DELETE CASCADE ON UPDATE CASCADE;

--
-- Constraints for table `category_time`
--
ALTER TABLE `category_time`
ADD CONSTRAINT `fk_category_time_plans1` FOREIGN KEY (`plans_p_id`) REFERENCES `plans` (`p_id`) ON DELETE CASCADE ON UPDATE CASCADE;

--
-- Constraints for table `class_count`
--
ALTER TABLE `class_count`
ADD CONSTRAINT `fk_class_count_plans1` FOREIGN KEY (`plans_p_id`) REFERENCES `plans` (`p_id`) ON DELETE CASCADE ON UPDATE CASCADE;

--
-- Constraints for table `data`
--
ALTER TABLE `data`
ADD CONSTRAINT `fk_data_schools1` FOREIGN KEY (`schools_sch_id`) REFERENCES `schools` (`sch_id`) ON DELETE CASCADE ON UPDATE CASCADE;

--
-- Constraints for table `d_goal`
--
ALTER TABLE `d_goal`
ADD CONSTRAINT `fk_d_goal_g_goal1` FOREIGN KEY (`g_goal_g_id`) REFERENCES `g_goal` (`g_id`) ON DELETE CASCADE ON UPDATE CASCADE;

--
-- Constraints for table `events`
--
ALTER TABLE `events`
ADD CONSTRAINT `fk_events_plans1` FOREIGN KEY (`plans_p_id`) REFERENCES `plans` (`p_id`) ON DELETE CASCADE ON UPDATE CASCADE;

--
-- Constraints for table `events_has_responsible`
--
ALTER TABLE `events_has_responsible`
ADD CONSTRAINT `fk_events_has_responsible_events1` FOREIGN KEY (`events_ev_id`) REFERENCES `events` (`ev_id`) ON DELETE CASCADE ON UPDATE CASCADE,
ADD CONSTRAINT `fk_events_has_responsible_responsible1` FOREIGN KEY (`responsible_rs_id`) REFERENCES `responsible` (`rs_id`) ON DELETE CASCADE ON UPDATE CASCADE;

--
-- Constraints for table `events_has_responsible1`
--
ALTER TABLE `events_has_responsible1`
ADD CONSTRAINT `fk_events_has_responsible1_events1` FOREIGN KEY (`events_ev_id`) REFERENCES `events` (`ev_id`) ON DELETE CASCADE ON UPDATE CASCADE,
ADD CONSTRAINT `fk_events_has_responsible1_responsible1` FOREIGN KEY (`responsible_rs_id`) REFERENCES `responsible` (`rs_id`) ON DELETE CASCADE ON UPDATE CASCADE;

--
-- Constraints for table `fields`
--
ALTER TABLE `fields`
ADD CONSTRAINT `fk_fields_plans1` FOREIGN KEY (`plans_p_id`) REFERENCES `plans` (`p_id`) ON DELETE CASCADE ON UPDATE CASCADE;

--
-- Constraints for table `g_goal`
--
ALTER TABLE `g_goal`
ADD CONSTRAINT `fk_g_goal_fields1` FOREIGN KEY (`fields_f_id`) REFERENCES `fields` (`f_id`) ON DELETE CASCADE ON UPDATE CASCADE;

--
-- Constraints for table `leaders_team`
--
ALTER TABLE `leaders_team`
ADD CONSTRAINT `fk_leaders_team_plans1` FOREIGN KEY (`plans_p_id`) REFERENCES `plans` (`p_id`) ON DELETE CASCADE ON UPDATE CASCADE;

--
-- Constraints for table `periods`
--
ALTER TABLE `periods`
ADD CONSTRAINT `fk_periods_plans1` FOREIGN KEY (`plans_p_id`) REFERENCES `plans` (`p_id`) ON DELETE CASCADE ON UPDATE CASCADE;

--
-- Constraints for table `plans`
--
ALTER TABLE `plans`
ADD CONSTRAINT `fk_plans_schools1` FOREIGN KEY (`schools_sch_id`) REFERENCES `schools` (`sch_id`) ON DELETE CASCADE ON UPDATE CASCADE;

--
-- Constraints for table `plan_team`
--
ALTER TABLE `plan_team`
ADD CONSTRAINT `fk_plan_team_plans1` FOREIGN KEY (`plans_p_id`) REFERENCES `plans` (`p_id`) ON DELETE CASCADE ON UPDATE CASCADE;

--
-- Constraints for table `profit`
--
ALTER TABLE `profit`
ADD CONSTRAINT `fk_profit_plans1` FOREIGN KEY (`plans_p_id`) REFERENCES `plans` (`p_id`) ON DELETE CASCADE ON UPDATE CASCADE;

--
-- Constraints for table `requirement`
--
ALTER TABLE `requirement`
ADD CONSTRAINT `fk_requirement_plans1` FOREIGN KEY (`plans_p_id`) REFERENCES `plans` (`p_id`) ON DELETE CASCADE ON UPDATE CASCADE;

--
-- Constraints for table `responsible`
--
ALTER TABLE `responsible`
ADD CONSTRAINT `fk_responsible_plans1` FOREIGN KEY (`plans_p_id`) REFERENCES `plans` (`p_id`) ON DELETE CASCADE ON UPDATE CASCADE;

--
-- Constraints for table `subject_plan`
--
ALTER TABLE `subject_plan`
ADD CONSTRAINT `fk_subject_plan_plans1` FOREIGN KEY (`plans_p_id`) REFERENCES `plans` (`p_id`) ON DELETE CASCADE ON UPDATE CASCADE;

--
-- Constraints for table `support`
--
ALTER TABLE `support`
ADD CONSTRAINT `fk_support_plans1` FOREIGN KEY (`plans_p_id`) REFERENCES `plans` (`p_id`) ON DELETE CASCADE ON UPDATE CASCADE;

--
-- Constraints for table `swot_elm`
--
ALTER TABLE `swot_elm`
ADD CONSTRAINT `fk_swot_elm_fields1` FOREIGN KEY (`fields_f_id`) REFERENCES `fields` (`f_id`) ON DELETE CASCADE ON UPDATE CASCADE;

--
-- Constraints for table `swot_strategy`
--
ALTER TABLE `swot_strategy`
ADD CONSTRAINT `fk_swot_strategy_plans1` FOREIGN KEY (`plans_p_id`) REFERENCES `plans` (`p_id`) ON DELETE CASCADE ON UPDATE CASCADE;

--
-- Constraints for table `tec_count`
--
ALTER TABLE `tec_count`
ADD CONSTRAINT `fk_tec_count_plans1` FOREIGN KEY (`plans_p_id`) REFERENCES `plans` (`p_id`) ON DELETE CASCADE ON UPDATE CASCADE;

--
-- Constraints for table `time`
--
ALTER TABLE `time`
ADD CONSTRAINT `fk_time_plans1` FOREIGN KEY (`plans_p_id`) REFERENCES `plans` (`p_id`) ON DELETE CASCADE ON UPDATE CASCADE;

--
-- Constraints for table `time_day`
--
ALTER TABLE `time_day`
ADD CONSTRAINT `fk_time_day_plans1` FOREIGN KEY (`plans_p_id`) REFERENCES `plans` (`p_id`) ON DELETE CASCADE ON UPDATE CASCADE;

--
-- Constraints for table `users`
--
ALTER TABLE `users`
ADD CONSTRAINT `fk_users_schools` FOREIGN KEY (`schools_sch_id`) REFERENCES `schools` (`sch_id`) ON DELETE CASCADE ON UPDATE CASCADE;

--
-- Constraints for table `values`
--
ALTER TABLE `values`
ADD CONSTRAINT `fk_values_plans1` FOREIGN KEY (`plans_p_id`) REFERENCES `plans` (`p_id`) ON DELETE CASCADE ON UPDATE CASCADE;

--
-- Constraints for table `vms`
--
ALTER TABLE `vms`
ADD CONSTRAINT `fk_vms_plans1` FOREIGN KEY (`plans_p_id`) REFERENCES `plans` (`p_id`) ON DELETE CASCADE ON UPDATE CASCADE;

--
-- Constraints for table `work_team`
--
ALTER TABLE `work_team`
ADD CONSTRAINT `fk_work_team_plans1` FOREIGN KEY (`plans_p_id`) REFERENCES `plans` (`p_id`) ON DELETE CASCADE ON UPDATE CASCADE;

/*!40101 SET CHARACTER_SET_CLIENT=@OLD_CHARACTER_SET_CLIENT */;
/*!40101 SET CHARACTER_SET_RESULTS=@OLD_CHARACTER_SET_RESULTS */;
/*!40101 SET COLLATION_CONNECTION=@OLD_COLLATION_CONNECTION */;
