-- phpMyAdmin SQL Dump
-- version 4.7.7
-- https://www.phpmyadmin.net/
--
-- Host: localhost:3306
-- Generation Time: Feb 25, 2018 at 11:49 AM
-- Server version: 10.1.31-MariaDB
-- PHP Version: 5.6.30

SET SQL_MODE = "NO_AUTO_VALUE_ON_ZERO";
SET AUTOCOMMIT = 0;
START TRANSACTION;
SET time_zone = "+00:00";


/*!40101 SET @OLD_CHARACTER_SET_CLIENT=@@CHARACTER_SET_CLIENT */;
/*!40101 SET @OLD_CHARACTER_SET_RESULTS=@@CHARACTER_SET_RESULTS */;
/*!40101 SET @OLD_COLLATION_CONNECTION=@@COLLATION_CONNECTION */;
/*!40101 SET NAMES utf8mb4 */;

--
-- Database: `appsbe4e_ashraf`
--

-- --------------------------------------------------------

--
-- Table structure for table `Offers`
--

CREATE TABLE `Offers` (
  `id` int(11) NOT NULL,
  `products_id` int(11) NOT NULL,
  `Offers_details` text NOT NULL,
  `time` date NOT NULL,
  `imag` text NOT NULL,
  `title` text NOT NULL
) ENGINE=MyISAM DEFAULT CHARSET=utf8;

--
-- Dumping data for table `Offers`
--

INSERT INTO `Offers` (`id`, `products_id`, `Offers_details`, `time`, `imag`, `title`) VALUES
(82, 0, 'هذا العرض ساري حتى نفاذ صبرنا', '2017-06-04', 'https://apps.be4em.net/sew-tec/public/Offers/1496576855IMG-20170603-WA0006.jpg', 'اشتري الان بسعر زمان'),
(79, 0, 'عارف ايه هى مميزات الماكينه الخياطه الداخلى ؟ تابعونا على الفيس بوك ليصلكم كل ما هو جديد', '2017-05-04', 'https://apps.be4em.net/sew-tec/public/Offers/149390676914124290_529368933934106_2923488106823850747_o.jpg', 'سوى تك بتقولك معلومه على السريع'),
(81, 0, 'رمضان كريم', '2017-05-28', 'https://apps.be4em.net/sew-tec/public/Offers/149597705518697879_1877736378910552_551084243_o.png', 'كل سنه وانتم طييبين'),
(83, 0, 'خصم خاص خلال شهر رمضان :) يلا عرف صحابك وخليهم يستفادو بالعرض ', '2017-06-14', 'https://apps.be4em.net/sew-tec/public/Offers/1497442446app.png', 'خصم خاص لحاملى الابليكيشن فقط '),
(86, 0, 'يوم الجمعه 7/7/2017 عاملين ايفينت في مقر الشركة الرئيسي وهيكون في هدايا وفلوس نقدية  يلا مستنينكم لمعرفه المزيد تابعونا على الفيس او الاتصال على ارقامنا 01012455534 ', '2017-07-06', 'https://apps.be4em.net/sew-tec/public/Offers/1499349057event-s1.png', 'ماكينة هدية + فلوس نقدية '),
(88, 0, ' عشان هدفنا رضاكم وبنتميز بيكم  وبناءآ على طلبكم  دلوقتى اسعارنا على الويب سايت والابليكيشن ', '2017-08-30', 'https://apps.be4em.net/sew-tec/public/Offers/1504088849prices.png', 'اسعارنا بقت على الويب سايت والابليكيشن ');

-- --------------------------------------------------------

--
-- Table structure for table `orders`
--

CREATE TABLE `orders` (
  `id` int(11) NOT NULL,
  `order_number` varchar(225) NOT NULL,
  `date` timestamp NULL DEFAULT NULL,
  `total_cost` float DEFAULT NULL,
  `user_id` int(11) NOT NULL,
  `current_status_id` int(11) DEFAULT NULL,
  `created_at` datetime DEFAULT NULL,
  `updated_at` datetime DEFAULT NULL
) ENGINE=InnoDB DEFAULT CHARSET=utf8;

--
-- Dumping data for table `orders`
--

INSERT INTO `orders` (`id`, `order_number`, `date`, `total_cost`, `user_id`, `current_status_id`, `created_at`, `updated_at`) VALUES
(62, '1487097341465', '2017-02-14 23:37:16', 25, 44, NULL, '2017-02-14 18:37:17', '2017-02-14 18:37:17'),
(66, '1487162319426', '2017-02-15 17:38:41', 19, 40, NULL, '2017-02-15 12:38:41', '2017-02-15 12:38:41'),
(73, '1488050804771', '2017-02-20 17:28:15', 25, 24, NULL, '2017-02-20 12:28:15', '2017-02-20 12:28:15'),
(75, '1495312000612', '2017-05-21 00:26:41', 0, 149, NULL, '2017-05-20 20:26:41', '2017-05-20 20:26:41'),
(76, '1495312108792', '2017-05-21 00:28:29', 0, 149, NULL, '2017-05-20 20:28:29', '2017-05-20 20:28:29'),
(77, '1495312126698', '2017-05-21 00:28:47', 0, 149, NULL, '2017-05-20 20:28:47', '2017-05-20 20:28:47'),
(78, '1496462087429', '2017-06-03 07:54:46', 0, 149, NULL, '2017-06-03 03:54:46', '2017-06-03 03:54:46'),
(80, '1497377819932', '2017-06-13 22:17:00', 0, 198, NULL, '2017-06-13 18:17:00', '2017-06-13 18:17:00'),
(83, '1498298169211', '2017-06-24 13:56:09', 0, 221, NULL, '2017-06-24 09:56:09', '2017-06-24 09:56:09'),
(84, '1500108161796', '2017-07-15 13:42:57', 0, 250, NULL, '2017-07-15 09:42:57', '2017-07-15 09:42:57');

-- --------------------------------------------------------

--
-- Table structure for table `orders_items`
--

CREATE TABLE `orders_items` (
  `id` int(11) NOT NULL,
  `order_id` int(11) NOT NULL,
  `product_id` int(11) NOT NULL,
  `product_name` varchar(225) NOT NULL,
  `product_price` float NOT NULL,
  `quantity` int(11) DEFAULT NULL
) ENGINE=InnoDB DEFAULT CHARSET=utf8;

--
-- Dumping data for table `orders_items`
--

INSERT INTO `orders_items` (`id`, `order_id`, `product_id`, `product_name`, `product_price`, `quantity`) VALUES
(156, 62, 1, 'SS-A598D', 25, 1),
(163, 66, 5, 'SS-B988D-4', 19, 1),
(174, 73, 1, 'SS-A598D', 25, 1),
(179, 75, 10, 'SS-A652MX-TD3', 0, 1),
(180, 76, 2, 'SS-A598MX-TD3', 0, 3),
(181, 77, 4, 'SS-B806D/5', 0, 1),
(182, 78, 1, 'SS-A598D', 0, 1),
(184, 80, 2, 'SS-A598MX-TD3', 0, 1),
(187, 83, 1, 'SS-A598D', 0, 1),
(188, 83, 1, 'SS-A598D', 0, 1),
(189, 84, 1, 'SS-A598D', 0, 1);

-- --------------------------------------------------------

--
-- Table structure for table `orders_status`
--

CREATE TABLE `orders_status` (
  `id` int(11) NOT NULL,
  `name` varchar(225) DEFAULT NULL
) ENGINE=InnoDB DEFAULT CHARSET=utf8;

--
-- Dumping data for table `orders_status`
--

INSERT INTO `orders_status` (`id`, `name`) VALUES
(15, 'جاري المراجعة'),
(16, 'جاري الشحن'),
(17, 'تم الشحن '),
(18, 'تم الاستلام');

-- --------------------------------------------------------

--
-- Table structure for table `orders_status_dates`
--

CREATE TABLE `orders_status_dates` (
  `id` int(11) NOT NULL,
  `order_id` int(11) NOT NULL,
  `order_status_id` int(11) NOT NULL,
  `date` date DEFAULT NULL
) ENGINE=InnoDB DEFAULT CHARSET=utf8;

--
-- Dumping data for table `orders_status_dates`
--

INSERT INTO `orders_status_dates` (`id`, `order_id`, `order_status_id`, `date`) VALUES
(1, 73, 15, '2017-02-20'),
(2, 73, 16, '2017-02-21'),
(3, 73, 17, '2017-02-22'),
(4, 73, 18, '2017-02-24'),
(5, 80, 15, '2017-06-14');

-- --------------------------------------------------------

--
-- Table structure for table `products`
--

CREATE TABLE `products` (
  `id` int(11) NOT NULL,
  `name` varchar(225) DEFAULT NULL,
  `title` varchar(225) DEFAULT NULL,
  `description` text,
  `unit_weight` int(11) DEFAULT '0',
  `number_of_units` int(11) DEFAULT '0',
  `price` int(11) DEFAULT '0',
  `order_max` int(11) DEFAULT '0',
  `order_min` int(11) DEFAULT '0',
  `image` varchar(255) DEFAULT NULL
) ENGINE=InnoDB DEFAULT CHARSET=utf8;

--
-- Dumping data for table `products`
--

INSERT INTO `products` (`id`, `name`, `title`, `description`, `unit_weight`, `number_of_units`, `price`, `order_max`, `order_min`, `image`) VALUES
(1, 'SS-A598DP السعر قبل الخصم 218 $ دولار السعر بعد الخصم 198 $ دولار ', 'ماكينة خياطة موتور داخلى ', 'SS-A598DP ', 1000, 10, 198, 100, 1, '1502702424ماكينة خياطة نهائى.jpg'),
(2, 'S5-M-4N-1  السعر قبل الخصم 381 $دولار السعر بعد الخصم 347 $ دولار ', 'ماكينة خياطة كمبيوتر S5 ', 'S5-M-4N-1 ', 1000, 20, 347, 100, 1, '15035034862222.jpg'),
(4, 'R1-4-45-433 السعر قبل الخصم  359 $دولار السعر بعد الخصم 327 $دولار ', 'ماكينة اوفر 4/ف موتور داخلى R1 ', 'ماكينة اوفر 4/ف موتور داخلى R1  \r\nR1-4-45-433', 1000, 1, 327, 100, 1, '1503501857R1.jpg'),
(5, 'B988D-4 -54  السعر قبل الخصم 363 $دولار السعر بعد الخصم 330 $دولار ', 'ماكينة اوفر 4/ف موتور داخلى ', 'B988D-4-54\r\nماكينة اوفر 4/ف موتور داخلى ', 1000, 1, 330, 100, 1, '1486975017pro1.jpg'),
(8, 'SS -T439G-ACF السعر قبل الخصم 5203 $ دولار  والسعر بعد الخصم 4730 $ دولا', 'فرماتورة مع جهاز تلقيم سكوتش ', 'السعر قبل الخصم 5203 $ دولار \r\nوالسعر بعد الخصم 4730 $ دولار ', 1000, 1, 4730, 100, 1, '148786412711-555x494.jpg'),
(10, 'S1-M  السعر قبل الخصم 230 $ دولار السعر بعد الخصم 209$دولار ', 'خياطة موتور داخلى S1  ', 'S1-M', 1000, 100, 209, 100, 1, '1503501474S1.jpg'),
(12, 'B988UT-4-54 السعر قبل الخصم 581 $دولار  السعر بعد الخصم 528 $دولار ', 'ماكينة اوفر 4/ف كمبيوتر ', 'B988UT', 1000, 100, 528, 100, 1, '14878660967.jpg'),
(13, 'C500-01CBXUT السعر قبل الخصم 1049 $دولار السعر بعد الخصم 954 $دولار ', 'ماكينة اورليه بلاطة قص فتلة ', 'C500-01CBXUT\r\nماكينة اورليه بلاطة قص فتلة ', 1000, 100, 954, 100, 1, '1503924791اورليه بلاطه قص.jpg'),
(17, 'C600-33AC/UT  السعر قبل الخصم 2154 $دولار السعر بعد الخصم 1958 $دولار ', 'ماكينة استيك بوكسر ', 'C600-33AC/UT\r\nماكينة استيك بوكسر ', 1000, 100, 1958, 100, 1, '1503926106SS-C600-33AC-UT.jpg'),
(18, 'C600D-35ABFT   السعر قبل الخصم 1089 $دولار السعر بعد الخصم 1198 $دولار', 'ماكينة اورليه سلندر تعريش موتور داخلى بموتور شفط ', 'C600D-35AB/FT/UT\r\nماكينة اورليه سلندر تعريش موتور داخلى بموتور شفط ', 1000, 100, 1198, 100, 1, '148786704714.jpg'),
(20, 'D2252-H  السعر قبل الخصم 718 $دولار السعر بعد الخصم 652 $دولار ', 'ماكينة 2 ابرة كروشيه كبير عمود متحرك ', 'D2252-H\r\nماكينة 2 ابرة كروشيه كبير عمود متحرك ', 1000, 100, 652, 100, 1, '148786915216.jpg'),
(22, 'SS-D8750N-D4-3  السعر قبل الخصم 1499 $دولار  السعر بعد الخصم 1363 $دولار ', 'ماكينة 2 ابرة كروشيه كبير عمود متحرك قص فتلة ', 'SS-D8750N-D4-3\r\nماكينة 2 ابرة كروشيه كبير عمود متحرك قص فتلة ', 1000, 100, 1363, 100, 1, '148786985820.jpg'),
(23, 'H202-D4  السعر قبل الخصم 605 $دولار السعر بعد الخصم 550 $ دولار ', 'ماكينة خياطة كروشيه كبير قص فتلة ', 'H202-D4 \r\nماكينة خياطة كروشيه كبير قص فتلة ', 1000, 100, 550, 100, 1, '1503926798SS-H202-D4.jpg'),
(24, 'H303-D4  السعر قبل الخصم 581 $دولار السعر بعد الخصم 528 $دولار ', 'ماكينة سحب مزدوج قص فتلة ', 'H303-D4\r\nماكينة سحب مزدوج قص فتلة ', 1000, 100, 528, 100, 1, '1503917072SS-H303-D4.jpg'),
(25, 'H202  السعر قبل الخصم 255 $دولار السعر بعد الخصم 232 $ دولار ', 'ماكينة خياطة كروشيه كبير ', 'H202\r\nماكينة خياطة كروشيه كبير عادة ', 1000, 100, 231, 100, 1, '1503927009SS-H202.jpg'),
(26, 'H-4420 السعر قبل الخصم 779 $دولار السعر بعد الخصم 708 $دولار ', 'ماكينة سحب ثلاثى 2 ابرة ', 'H-4420 \r\nسحب ثلاثى 2 ابرة ', 1000, 100, 708, 100, 1, '1503916191SS-H4420.jpg'),
(27, 'T1790 السعر قبل الخصم 2541 $دولار السعر بعد الخصم 2310 $دولار ', 'ماكينة عراوى الكترونى ', 'T1790\r\nماكينة عراوى الكرتونى ', 1000, 100, 2310, 100, 1, '15039198781790S.jpg'),
(28, 'T1900ASS السعر قبل الخصم 2093 $دولار السعر بعد الخصم 1903 $دولار ', 'ماكينة فرماتورة اتوماتيك ', 'T1900ASS\r\nماكينة فرماتورة اتوماتيك ', 1000, 100, 1903, 100, 1, '1503921779SS-T1900ASS(大豪电控).jpg'),
(29, 'T1903 السعر قبل الخصم 2118 $دولار السعر بعد الخصم 1925 $دولار ', 'ماكينة زراير اتوماتيك ', 'T1903 \r\nماكينة زراير اتوماتيك ', 1000, 100, 1925, 100, 1, '148787132329.jpg'),
(30, 'T1904 السعر قبل الخصم 2251 $دولار السعر بعد الخصم 2046 $دولار ', 'ماكينة فرماتورة اتوماتيك مربع كبير ', 'T1904\r\nماكينة فرماتورة اتوماتيك مربع كبير ', 1000, 100, 2043, 100, 1, '1503921951SS-T1904D.jpg'),
(31, 'SS-T2210G-01A  السعر قبل الخصم 4719 $دولار السعر بعد الخصم 4290 $دولار ', 'ماكينة فرماتورة رسم  22×10', 'SS-T2210G-01A\r\nماكينة فرماتورة رسم 22 × 10 ', 1000, 100, 4290, 100, 1, '148787149931.jpg'),
(32, 'SS-T352 السعر قبل الخصم 390 $دولار السعر بعد الخصم 354 $دولار ', 'ماكينة خياطة تعريش ', 'SS-T352\r\nماكينة خياطة تعريش ', 1000, 100, 354, 100, 1, '148787154632.jpg'),
(33, 'T430D السعر قبل الخصم 1799 $دولار السعر بعد الخصم 1636 $دولار ', 'ماكينة فرماتورة اتوماتيك ', 'T430D\r\nماكينة فرماتورة اتوماتيك ', 1000, 100, 2112, 100, 1, '148787159433.jpg'),
(34, 'SS-T438GB-SK  السعر قبل الخصم 4235 $دولار السعر بعد الخصم 3850 $دولار ', 'ماكينة زراير اتوماتيك مع جهاز التلقيم ', 'SS-T438GB-SK\r\nماكينة زراير اتوماتيك مع جهاز التلقيم ', 1000, 100, 3845, 100, 1, '148787165234.jpg'),
(35, 'T782DB  السعر قبل الخصم 1331 $دولار السعر بعد الخصم 1210 $دولار ', 'T782DB', 'T782DB\r\nماكينة عراوى موتور داخلى + رفع دواس ', 1000, 100, 1210, 100, 1, '1503920917SS-T781D.jpg'),
(36, 'T928-PL  السعر قبل الخصم 1150 $دولار السعر بعد الخصم 1045$دولار ', 'ماكينة كوع خشن ببوللر موتور داخلى ', 'T928/T927 \r\nماكينة كوع خشن ببوللر موتور داخلى ', 1000, 100, 1045, 100, 1, '148787196536.jpg'),
(37, 'T9820-01 السعر قبل الخصم  5506$دولار  السعر بعد الخصم 5005 $دولار ', 'ماكينة عراوى بوجى ', 'T9820-01\r\nماكينة عراوى بوجى ', 1000, 100, 5506, 100, 1, '148787204637.jpg'),
(38, 'Z2284D السعر قبل الخصم 1150 $دولار  السعر بعد الخصم 1045$دولار ', 'ماكينة زجزاج 2 و3 نطة موتور داخلى ', 'Z2284D  \r\nماكينة زجزاج 2 و 3 نطة موتور داخلى ', 1000, 100, 1045, 100, 1, '148787210338.jpg'),
(39, 'W3830-PL-D  السعر قبل الخصم 675 $ دولار السعر بعد الخصم 614 $ دولار ', 'ماكينة 3 ابرة سلسلة ببوللر موتور داخلى ', 'W3830-PL-D\r\nماكينة 3 ابرة سلسلة ببوللر موتور داخلى ', 1000, 100, 614, 100, 1, '1503927359SS-W3830D-PL.jpg');

-- --------------------------------------------------------

--
-- Table structure for table `setting`
--

CREATE TABLE `setting` (
  `id` int(11) NOT NULL,
  `name` varchar(255) CHARACTER SET utf8 COLLATE utf8_unicode_ci DEFAULT NULL,
  `email` varchar(255) CHARACTER SET utf8 COLLATE utf8_unicode_ci DEFAULT NULL,
  `phone` varchar(50) CHARACTER SET utf8 COLLATE utf8_unicode_ci DEFAULT NULL,
  `desc` text CHARACTER SET utf8 COLLATE utf8_unicode_ci,
  `about_us` text CHARACTER SET utf8 COLLATE utf8_unicode_ci,
  `zoom` varchar(255) CHARACTER SET utf8 COLLATE utf8_unicode_ci DEFAULT NULL,
  `lat` varchar(255) CHARACTER SET utf8 COLLATE utf8_unicode_ci DEFAULT NULL,
  `long` varchar(255) CHARACTER SET utf8 COLLATE utf8_unicode_ci DEFAULT NULL,
  `logo` varchar(255) CHARACTER SET utf8 COLLATE utf8_unicode_ci DEFAULT NULL,
  `youtube` varchar(255) CHARACTER SET utf8 COLLATE utf8_unicode_ci DEFAULT NULL,
  `facebook` varchar(255) CHARACTER SET utf8 COLLATE utf8_unicode_ci DEFAULT NULL,
  `website` varchar(255) CHARACTER SET utf8 COLLATE utf8_unicode_ci DEFAULT NULL
) ENGINE=InnoDB DEFAULT CHARSET=latin1;

--
-- Dumping data for table `setting`
--

INSERT INTO `setting` (`id`, `name`, `email`, `phone`, `desc`, `about_us`, `zoom`, `lat`, `long`, `logo`, `youtube`, `facebook`, `website`) VALUES
(1, '1sew tec', 'info@sew-tec.com', '01002802880', 'تحت التصميم ', 'dit\r\nشركة سوي تك لماكينات الخياطه شركه متخصصه في استيراد ماكينات الخياطه ... العنوان 20 شارع جسر السويس _ المنطقة الصناعية بجوار مصنع قطونيل الدور الارضى \r\n... مواعيد العمل من 9.30 صباحا - 6 مساء\r\n... العطله الاسبوعيه ( الجمعه )\r\n... الارقام الخاصه بالشركه للاستفسارات: 01060666193 - 01024595334 - 02/21820200\r\n\r\nللشكاوى الرجاء الاتصال : 01002122484', '12', '30.009536,31', '31.24619,17', '1486975450512-512.jpg', 'https://www.youtube.com/channel/UCR2PQn2vPirHajToOSXdLvw', 'https://www.facebook.com/SewTec', 'www.sew-tec.com');

-- --------------------------------------------------------

--
-- Table structure for table `users`
--

CREATE TABLE `users` (
  `id` int(11) NOT NULL,
  `username` varchar(225) DEFAULT NULL,
  `password` varchar(225) DEFAULT NULL,
  `email` varchar(225) DEFAULT NULL,
  `phone` varchar(45) DEFAULT NULL,
  `address` varchar(300) DEFAULT NULL,
  `active` varchar(45) DEFAULT NULL,
  `type` varchar(50) DEFAULT NULL,
  `logo` varchar(255) DEFAULT NULL,
  `created_at` datetime NOT NULL,
  `updated_at` datetime NOT NULL,
  `api_token` varchar(60) NOT NULL,
  `remember_token` varchar(255) DEFAULT NULL
) ENGINE=InnoDB DEFAULT CHARSET=utf8;

--
-- Dumping data for table `users`
--

INSERT INTO `users` (`id`, `username`, `password`, `email`, `phone`, `address`, `active`, `type`, `logo`, `created_at`, `updated_at`, `api_token`, `remember_token`) VALUES
(10, 'admin', '$2y$10$vd1fSFovHdVneq7.A1dE3.3AXSHa06YaLW44ByT/zUn6dNGeG/c2O', 'admin@admin.com', '01002802880', '3333', 'actiive', 'admin', '1486975450512-512.jpg', '2016-11-28 17:37:29', '2017-02-13 08:44:10', 'PwfwWgBT0SxyPhuGaqTVLKexRPQXPomT7kfqJiYjeu8RbfINYqbpC9Ig3meH', 'vzjQiyMRtV49stzHFqi9na3dLE7usGNjwDZQdfy5YnwcYNhuan89i0criDlF'),
(24, 'Hossam Elsharkawy', '$2y$10$sxTZiPXYZT.42OrugB29P.D10hBz6FLnjujQH4Ay3OSQyj.s91Iz2', 'kingstar255@gmail.com', '01099197556', '01099197556', 'active', 'client', NULL, '2016-12-07 13:47:48', '2016-12-07 13:54:23', 'QaN6LVM1eYib3aGv3hcuo0JoXF4K6zlW1pCtDn1pT2YGIJl8oN2LQXgyeZ1Q', NULL),
(40, 'walaa', '$2y$10$eI.g0Djki3c1Qt26BcyxBeIGnCntORANKart9pXBJZoBVGqArxF5C', 'walaa.be4em@gmail.com', '01064223649', '01064223649', 'active', 'client', NULL, '2017-02-13 08:29:25', '2017-02-13 08:32:05', 'qV3R4KQcfmHjhF2APNUztDjdHxx9Y95Qn1Ce8J7Mx1yBsuoO4OmwGDLKpXDS', NULL),
(41, 'test testtest test ', '$2y$10$rVmG2WpYJ7VuN2x8Y21YEOYoLI/fonndv5f5beVd60FGO3hRhvrzK', 'a.abdellatif2@sew-tec.net', '01008008646', '01008008646', 'active', 'client', NULL, '2017-02-13 16:19:34', '2017-05-28 11:51:20', 'd4GhimDgfLt8swRFtkK6Za8Cd3Q2mNk0BNP9L5XvGtAgDgTDIg6IH1vYB6zk', NULL),
(42, 'safaa', '$2y$10$L3Xf8jPUw46CVL1f56Qp9uIa.uH94gA0hw8TME46cDVBOH4IHRFXu', 'sosomed1127@hotmail.com', '01149322336', '01149322336', 'active', 'client', NULL, '2017-02-14 08:13:27', '2017-05-28 11:22:46', 'vS4QRwTJN7PmcpVeZsQedce1GcaiDQuEviAS48E0hOPxy17ViYPP21X2MSOt', NULL),
(43, 'Guest', '$2y$10$gdJPmCfbnfWKd5NeXhCty.409a4byf8LgFBBs2MyvoHrcfCwXROPa', 'Guest@Guest.com', '01099999999', 'Guest', 'active', 'client', 'avatar.png', '2017-02-14 17:55:13', '2017-02-14 17:55:13', 'ljzGLQMuEnIbYp8GBpRDa6eEiUjcQZXRYopkRfuIYPJLmfJevMxOusrCbtbL', NULL),
(44, 'omar allam', '$2y$10$9k6OLPLyP3xiqeaZWUovmOVdqILWDgwIqfhGYg7RBIjhXmEdjXIwq', 'omarallam699@gmail.com', '01288987856', 'Cairo,egypt', 'active', 'client', NULL, '2017-02-14 18:27:14', '2017-02-14 18:34:03', '8fXTfCjqY6GP2RCA6R79FD6s5iWVeZeJx6hF16rbvjO3PaBSA0LrPjy9Rg1M', NULL),
(45, 'hazem elbayoumy', '$2y$10$QvVQ9nJ/e4Kbe2UHs1Ubu.KLWaS.Opp18KwjplBceXOtgu/qh04Ki', 'hazem_elbayoumy@yahoo.com', '01286066446', '01286066446', 'active', 'client', NULL, '2017-02-15 16:31:58', '2017-03-22 12:02:26', 'hprmCLaG0zgOl2N2EhmGFX8lrPoP55bxalU52nZDDh1UdkXCfp8FUXQu4xDF', NULL),
(46, 'mohammed', '$2y$10$3lPpPl94OW7Z4WiraEDgiemv.iJOv86nI6efvv6ph/Gkmf0xF5CGq', 'mohammedelmoshakes@gmail.com', '01003271164', '01003271164', 'active', 'client', NULL, '2017-02-16 11:35:40', '2017-05-28 11:43:44', 'RMUAGENB00WkC3OG6ktpW6UHUgHcOh6El5z68NevrX1kvjMK5PHJk1L73RN8', NULL),
(47, 'Yahya', '$2y$10$5DcstFSgEgxHgMG7n4IjVuqsgVhLrGsZvdMc1OWF0bWKyV/qgrNFO', 'Yahya.qandel@gmail.com', '01110555540', 'Egypt Qaluonia Qalyob', 'active', 'client', NULL, '2017-02-16 20:36:48', '2017-02-16 22:26:15', 'moUZULTGk5w0JeYG5BS7xF9cgsf8m86aoCVxoV496dxWKnsjoKhnjAJyHqqc', NULL),
(48, '$2y$10$BtLIqppLI5CWQ.c5eqTUH.UIJTAG6znAe4utBw9ro0npIQxq6TpWi', '$P$BBAv3Og.NESoRQznkamXig6GDC1GTV1', 'modycivic@yahoo.com', '01123488585', 'gamal abdelnasr st', 'active', 'admin', NULL, '2017-02-17 16:01:19', '2017-02-17 16:01:19', 'ZJyDSLCrv8MyTVksH3zfXQ8KNu9GGQqgNLRPNv7CfJDpbT5d8JlNhg21hYbr', NULL),
(49, 'mahmoud zizo', '$2y$10$Q6Cst7EYbtM7DUdGQoxFIeGxfMYqC41svFc/godvehJNaBuLsaVny', 'modycivic89@yahoo.com', '01007046303', 'gamal abdelnaser', 'active', 'client', NULL, '2017-02-17 16:18:20', '2017-02-17 16:18:49', 'nnb3tvxtpKIZbRm7VK6GM36N9sseQfw2v5Dy1gWVcmpE7KNjoIUHJX96QTpy', NULL),
(50, 'Emad Hamdy', '$2y$10$zjdjFx6JIqPm3T9K2L.zX.BVJSqE5KCWzdjOwMH2vJ0oAV6sbfbM6', 'Emad.hamdy82@Gmail.com', '01273931115', '21 elnoor st. , kebaa city , Cairo , Egypt', 'active', 'client', NULL, '2017-02-18 10:15:12', '2017-02-19 03:44:47', '8OaOyHhbVQjGEfBkoGs5dakgqemXxIsWuw0I2LsVafZZegCqoHhxojSC8A3n', NULL),
(51, 'Mohamed hosny', '$2y$10$plZTjV9HnFvlSAdZkxanI.k0ZuxJmgfl73k0Bwc916O2PSIO84tc2', 'mhd.be4em@gmail.com', '01009682620', '01009682620', 'active', 'client', NULL, '2017-02-18 10:52:43', '2017-06-01 08:57:12', 'x4xiBTs2uZ7oqPYW3PQMwqVfoWBsRuUna8D8VC2MbiKoN2xGkeLR38tJtstb', NULL),
(52, 'Omar Allam', '$2y$10$8Qv0.xsSUUq6RbmGh7t5lOchTNhZZD0zVfLL.SRcj4F2yLBY64.sG', 'mr_llm@yahoo.com', '01141678363', '01141678363', 'active', 'client', NULL, '2017-02-20 07:55:45', '2017-03-22 12:04:05', 'hsakZlOhEqDPt6YQxMdVMA0YpGfpZakWFwwk4bbEk1lGwiONE7tyjBlVrmgd', NULL),
(53, 'Sehs Bont', '$2y$10$0M1nOZ/A5IwmZhZPxJpOiuKMJBsgVWK8PhD76iZPtzPOeeoEDGEVy', 'sehsbontt@gmail.com', '01121099559', '01121099559', 'active', 'client', NULL, '2017-02-22 15:54:35', '2017-05-28 13:01:43', 'kB7KFWhxmAl4yJF5lgq155kSPfBVduHsQv9bQLYjUtUM27MVqQNgNrRxYTw6', NULL),
(54, 'Ahmed Elsaeed', '$2y$10$5S.B7c71goTpst6pmqLrkOO6OlG3b0wa1XLhLOf0/XCEb3s2MdwPu', 'elsaeed_fx@yahoo.com', '01129211827', '01129211827', 'active', 'client', NULL, '2017-02-22 16:16:01', '2017-03-22 12:01:04', '3xE19TdJIRRPNavSdR6gfSzESGoVuf5F2T3ZW29wFN4VZRTF8uC6WfNNzKLX', NULL),
(55, 'Saad Elhamd', '$2y$10$1t2djoaHh2iWVSGU6dJykemfhTZO/bowprKBhtkuUg1bKp1ZjJ4SC', 'saadel7amd@gmail.com', '01000648092', '01000648092', 'active', 'client', NULL, '2017-02-22 17:27:04', '2017-03-22 12:04:22', '6NhAv8723aTA5RJCQ4MAlwnr5HWkdMhZgo5SXceAe3Hui6qCl749S8SQDIo6', NULL),
(56, 'محمد اليعقوبي', '$2y$10$Rk4ZwNZOOpBh9nONlAVNu.Kl25LCCG0zYRz.aPNgzXJdYz0MOs30q', 'mohammaed5555577@gmail.com', '010020203030', '1002723471', 'active', 'client', NULL, '2017-02-22 21:31:44', '2017-05-28 11:44:45', '0vT7YqFeOBtVFLyS3rmRDCrjlTpTc81VJW0QJVbGZyTk9J3Tu9fo2kAqa3dW', NULL),
(57, 'Ahmed samir', '$2y$10$bxwS3GfCTY7KojMg..X2i.mzHbZteh0adnbGWisRDH9dCaUij.39W', 'abosamir2012as@gmail.com', '01156222161', '01156222161', 'active', 'client', NULL, '2017-02-23 08:18:50', '2017-03-22 12:01:12', 'vFO0jFMkKrTmFbVJnhcPRxn6r8wQKyo8Vx1qwuYBQCXj9j2zQhPRqhy66kfs', NULL),
(58, 'amira', '$2y$10$ZvrlGOJEerNzh7P/ClxhE.TSis/Tv4ezyDG.oSAtJZnjjjy/yoHPK', 'amira.be4em@gmail.com', '01064223649', 'nasr city- cairo - egypt', 'actiive', 'admin', 'avatar.png', '2017-02-23 15:16:29', '2017-02-23 15:16:29', '29iVZx6ZfLDur10Hok7gI5CTAx785ypIV43SR1AlLPNPk4x09dAZ6O3yc2AY', NULL),
(59, 'Mahmoud Emad', '$2y$10$Sxt4PZUf/rXdj4c0ayCVVuz1/e7dSE6sr6Ll.28nLJaKGSpS9fxrS', 'mahmoudemad556620@gmail.com', '01091205098', '01091205098', 'active', 'client', NULL, '2017-02-24 12:15:09', '2017-05-28 11:32:19', '75DMmluqP2qHRbd5KyV4jaQtvqUPbmqCnyR94YE9dU7XtTzfXAObPoeeSRt5', NULL),
(60, 'م.عبدالرحمن محمود', '$2y$10$.FJxsQ8OqW19jarvdreHZ.H/56VTAgJcOJKjF99EM1EGhzFlGG1Py', 'abdo_heasa@yahoo.com', '01008917893', '01008917893', 'active', 'client', NULL, '2017-02-24 14:11:38', '2017-03-22 12:10:30', 'pWidt478as8vGP4I0N86LORvlyrgmHNwoCmHmesiYWAbT9bazbHB6eNMSbWv', NULL),
(61, 'محمد المعتز علام', '$2y$10$o38ViAJl7OHvLXj0AYaAsuBq9yKYdxz0645Lb0xz4IyuQrJ0lECKK', 'mohamed.moataz@ymail.com', '01119008080', 'gesr elsuez43   ,cairo', 'active', 'client', NULL, '2017-02-24 16:58:17', '2017-02-24 16:59:15', 'x5kkcU8Urnom8bmWplLpMvXdNM08M7kmEt5JOikSuaKqniY5qjEtejLRUfBn', NULL),
(62, 'Fatma Kamel', '$2y$10$qZeszFK0Cad5crdqOe6V1.DUzhl9tPsIB1ISoU1xokvA7dTsafkTq', 'batah.kamel@gmail.com', '01007063996', '01007063996', 'active', 'client', NULL, '2017-02-24 18:27:36', '2017-03-22 12:01:52', '80wfDwybE7iIvG1MCsaYcNiDW0uypkVxIEo4UMoM0jWxe3eB7z42vvT1Wi96', NULL),
(63, 'Kadkada Xasan', '$2y$10$FCF2oJRqKwwglDf/uk8uiOBqqSGoJMiQtqz/usME4gyJxdN9lRERG', 'dahable85@gmail.com', '+2524417841', 'kasoco xasan \nssbbw ', 'deactive', 'client', NULL, '2017-02-26 16:26:43', '2017-02-26 16:26:43', '7dXv0QdUZT7JSuzrxA8LUqQaSq8wtFXvROablzw5T2gu1SYCSRZW2TmtLm40', NULL),
(64, 'ahmedawd', '$2y$10$X6QzRfVhao8WRwtyje6oOuLHO9EB8gsXiFMnUodD4kN7RdBBZEmP6', 'medoahmedawad2015@yahoo.com', '01128332996', '01128332996', 'active', 'client', NULL, '2017-02-27 15:13:22', '2017-03-22 12:01:29', 'D1PMCKc7GuO2N3YQxYVoO4EgOHhDeZ89IUbyavc7iHqIHoph2UvRouebPxIR', NULL),
(65, 'ahmedawd', '$2y$10$49AgZPkXQEoVayE62Y10JeflKeCmT9cHZeRM0G77qoxytqYDXAr3e', 'medoahmedawad46@gmail.com', '01066332183', '01066332183', 'active', 'client', NULL, '2017-02-27 15:20:43', '2017-03-22 12:01:37', 'MoPG8pZAL0w0MOwLe6d5XlfxLveXTHIwrNQn4SVqtMkJS2EnOMCRDwVLt9V2', NULL),
(66, 'Hadia Yehia', '$2y$10$UmKvieWeA3rGvHGGXBdGmejs78V7TEMwtEvRooGT1d51gfXbxHC.2', 'didi.yehia@live.com', '01003266400', '01003266400', 'active', 'client', NULL, '2017-03-01 12:04:36', '2017-03-22 12:02:02', 'ippAnJ7jMoRXG0fE6VjcmdStJsnNCW0T923UI0HoW2a6jToMtXcjGjnVCzw0', NULL),
(67, 'Ahmed Shams', '$2y$10$iPPGH5RshTaozgI2fmkV5eCo1EPAIL0bKgWgHijaEfacTC4bGlVDK', 'one.smart@hotmail.com', '01006752217', '01006752217', 'active', 'client', NULL, '2017-03-02 23:32:25', '2017-03-22 12:00:49', 'DBAmWdIGY1B23KOL0I0wpomI9lUbpolWwN1F8h5DdLfc6viW2jIYLGAmEO9k', NULL),
(68, 'Tamer Nader Zaky', '$2y$10$LcDek2sAo2UisaYUQXgDRu1s7yjmLUhRJrfTGOwW3R58pTlBfT5F6', 'tamernader14@gmail.com', '01148060500', '01148060500', 'active', 'client', NULL, '2017-03-05 15:04:42', '2017-05-28 11:51:55', 'LqddBJvA1796jjNd02e1miaHcrpjbMxM06lqkBCOzXfSijUyQgbFravWNW6z', NULL),
(69, 'Tamer Nader Zaky', '$2y$10$j6D/3B5l/A4E55hoZZT2Huh5P3tObuPZh3HQFSi15CCqVc1iXkp5W', 'Tamernader@gmail.com', '01273873781', '01273873781', 'active', 'client', NULL, '2017-03-05 15:08:20', '2017-05-28 11:51:43', 'zmBg8GdUDpfNdMgwzLOQ6gXyg7WHNYbK4BkT4UvoAlxNgsq59CqrHkQxBAX0', NULL),
(70, 'Amr Ibrahim', '$2y$10$iH5G6Iusf2voeurzk.sCFuR7ZVgvsQgOeP.cAxmzb6McrRMdBxSzC', 'maro_zoom17@yahoo.com', '01022933477', '01022933477', 'active', 'client', NULL, '2017-03-06 00:03:14', '2017-03-22 12:01:44', 'bICW5LgstjQGqS8J6UDIFutFpdIg7d9ynerLjt06UMKnnhERLuqJlgsfXuL0', NULL),
(71, 'Naira Yehya', '$2y$10$Ra7Qa.nAk6jryYifvOzKk.eV3QuVMGzGg/QLuTtDrPvKhAJLaQosm', 'nonayehya759@gmail.com', '01128703535', '01128703535', 'active', 'client', NULL, '2017-03-08 04:07:18', '2017-05-28 12:43:44', 'XcV0agHQF7e8Eupb0D6IVGBP98xj5in9pJwalkNWnz6tJn8KsPYCz2fojRS3', NULL),
(72, 'Sherif Mohssen', '$2y$10$YSUqvQ8DU5R7OVdpDsO0E.lwun83fmxeMOp3vjFprCOlcB4UATPrG', 'sheko_hh47@yahoo.com', '01127261301', '01127261301', 'active', 'client', NULL, '2017-03-10 09:25:20', '2017-05-28 11:52:54', 'Iwlxn7ytrs5Qls07nGeLwcFkS91CrZy4lLNeRWp24MuDguviUcEklGQhm7Hr', NULL),
(74, 'Mahmoud Elsebaey', '$2y$10$SBbhA4LFB0HN1ud1jjMHxOYpthrT6YUPXAlf.xmZKw5ZaMhinDWsO', 'modyelsebaey@yahoo.com', '01010769997', '01010769997', 'active', 'client', NULL, '2017-03-12 15:59:16', '2017-03-22 12:03:51', 'IWXuB8V0Qm0R9SDi6guTm0RFFnYB7OuHSrxJETdNsskovZ4zal5bbuXQtvGK', NULL),
(76, 'Iman Maher', '$2y$10$1syJl25C9XT2qbJx4N46n.6451r3bQEFmMvg1Q.xqKdadaUg7QlTi', 'imanmaher_82@yahoo.com', '01211161014', '01211161014', 'active', 'client', NULL, '2017-03-23 14:43:09', '2017-05-28 11:35:51', '1tUY51uJXLt4Nl3dNFWC0LBZAvDcGKHDnBIgtnNs3QxV2gjCFOiOudhZEVEf', NULL),
(77, 'Mohammad Abd Elzaher', '$2y$10$Apgc3l9pMLcSYztm/LB6keMy9qaoNt.xdFqixGQmG.NMF8QDyhXJ2', 'zaher403@yahoo.com', '01116074742', '01116074742', 'active', 'client', NULL, '2017-03-24 12:42:08', '2017-05-28 12:40:51', 'Q3cd8PgkaiTwKzt8hrYGuWFbFlK7u5O5DJd9C2NQBTxidjDTmUfxHvqG4MPo', NULL),
(78, 'Tarek Fathey', '$2y$10$NHEJhdAfB6o1ff7ywa.WIOSU9LyeymcjlHBqdwm1U7PF1AeJ2LLRe', 'tarek.sheavi@gmail.com', '01011959415', 'cairo, egypt', 'active', 'client', NULL, '2017-03-24 21:08:42', '2017-03-24 21:12:59', 'in79gq2mGw5lw52KTQmUhWxZOnaCW7VwpzJW2Pov9FYNkgwW8R87a09fVGgA', NULL),
(79, 'Hala Khattab', '$2y$10$M0KR8KwATH7vaePPo3H42.N.2RucFHK9WQ7zLtogHNN6bGn/ybEwO', 'halakhattab@yahoo.com', '01120643103', '01120643103', 'active', 'client', NULL, '2017-03-26 17:13:08', '2017-05-28 11:31:45', 'PBuAsaSGdbzqXLZQFf07JGFg4SquNm0HByApOgZCkTKSmAVSntgK15w4mw3e', NULL),
(80, 'فاطمة رجب', '$2y$10$D1zCDN7redymOaepjsSF6uQeMw.4iqZwLf9Ge1rhkBG3xMRHIhOXq', 'fatmaragabazzam@gmail.com', '01098001711', '01098001711', 'active', 'client', NULL, '2017-03-26 22:25:12', '2017-05-28 11:43:59', 'nx5jAAXhnLhkpxW3Ff3PHNZshzH8DPxlkaOtnsxTQXnkxAcTKRrDm9qRO0vR', NULL),
(81, 'Ahmed Dedos', '$2y$10$wV.qS8hnupXRXBweoWRh6O6ahqxP/04S5g22bUk3Ne9V1FWAY8Vda', 'ahmed.dedos12907@gmail.com', '01011419090', 'ahmed.dedos12907@gmail.com', 'active', 'client', NULL, '2017-03-28 01:27:54', '2017-03-28 07:33:38', 'CjWuB16D8OkcQzDmUG6dwYXoBUV1GCgVwcVaepfyW4k6B96ogsm6uzLF2xlv', NULL),
(82, 'Ahmad Qashat', '$2y$10$/iyj2zSdQh/jTEwf9RSd2OJP9KFR8vk0pDTXmpNy2YW.ldToglLp6', 'lordoflove.aq@gmail.com', '01096943241', '01096943241', 'active', 'client', NULL, '2017-03-29 06:01:38', '2017-05-28 11:24:46', 'Yt5ll4bkgY3AQvBSl9U6jGxSGklOrPKOMl26gAkbKPicINKzhX6jedu63xH4', NULL),
(83, 'Mohamed Alsharif', '$2y$10$XFk17EMfgWjsTnBW5.10qOvYMQ4F3Wa1S3fT9wYpbjSUDVxebIqSi', 'it.esspegpt@gmail.com', '01099390997', '01099390997', 'active', 'client', NULL, '2017-04-02 13:51:44', '2017-05-28 11:36:45', 'BBlkfXXXnXLMzCQTyQJuFM42qIB4YANFuWglHuzGJrHg92zifCaVraq3oePu', NULL),
(84, 'Ahmed Ibrahem Kalf', '$2y$10$Fa7QppkQ/FESCtHYBy4GL.at1WhcDMWRiUSEafAaArbOpxeiTJfeW', 'Ahmed@zunion-eg.com', '01111577055', '01111577055', 'active', 'client', NULL, '2017-04-02 18:07:21', '2017-05-28 11:23:32', 'EqIZ68dqExkYzRH2v9KT51nLwn5UJpJlarXAdG3gnX5MzD9yOQgzQYiwqOXP', NULL),
(85, 'Rehab Soliman', '$2y$10$wHWtDF00Y1sGEFEp2Tji3eZwRxPqn8FIzhpr0WIMJd5A9pP4.cGqi', 'rehab3akila@gmail.com', '01000931534', '01000931534', 'active', 'client', NULL, '2017-04-02 19:18:34', '2017-05-28 11:21:18', 'tW3D8cFfC6lM007Dhl5eOnu7xHwKSJz06OzVSwWimTZ1SDXYMueY81VfHleS', NULL),
(86, 'Mohamed Mokhtar', '$2y$10$aUBVQsd1l4ZjB4Q6PZwBruaenE.Xflb574r6qeHlO7pizjd/JK8Ji', 'm.mokhtar555@yahoo.com', '01140161463', '01140161463', 'active', 'client', NULL, '2017-04-02 19:51:55', '2017-06-01 08:58:04', 'otn7vBgNMVuyGMkNmMYcYzEYXFzOHjPCbdaQzujTDXoE49ag31gZPY36nqmY', NULL),
(87, 'Mohamed Sobhy', '$2y$10$aEumRdP/J1Dir.BbzXynA.76mRMY.mIw0ztTC1ik7PvQbAPAuB7KC', 'm.sobhy44@yahoo.con', '01200021241', '01200021241', 'active', 'client', NULL, '2017-04-02 21:23:19', '2017-05-28 12:42:04', 'SltAxlMpoRor8Vw8KRKvK1kxDx39CYCOyHZIwNqda5ixJcuqJjrKwlCejItF', NULL),
(88, 'Michael Maher', '$2y$10$mvPjhDD6ZDkFp5HadFUD5.rGFfomSh0I.5sopPckJCNmlvC6NzRdm', 'Drmicattia@gmail.com', '01225455591', 'hurghada - Red sea', 'active', 'client', NULL, '2017-04-03 13:26:35', '2017-04-03 13:27:54', 'KprRWdSgqzD4WskQomHVD9ANWjvRl4ugxziU1jo234NJ6jAl695K0wXZGFUu', NULL),
(89, 'Gerges Ezzat', '$2y$10$zoZsQnuh.4vzP.H5FyXoq.trAWuQKRQMWWUuxfe1uXOSVS4HbYMuu', 'Gjrgjse600.@yahoo.com', '12088211640', '12088211640', 'active', 'client', NULL, '2017-04-03 20:49:06', '2017-05-28 11:29:08', 'VyI6Mec7NKSHvSBFHbjhz1sSHwd3b96yIWo4mIqG8D54uCXsopjqljpfTrNn', NULL),
(90, 'Ahmed Elsayed Badr', '$2y$10$dXohlsVnjB2qEqUmvfaHIefKvRJvtjtkMrovi5aXqWjAWeVl.0kPe', 'golden_sisi91@hotmail.com', '01128506584', '01128506584', 'active', 'client', NULL, '2017-04-03 20:50:18', '2017-05-28 11:23:42', 'WnQqU2zkBSZtcCv4RhlPAh1tzChHqL0YtE0HtGT6pvhY3YMB8KeZHZU1o2t4', NULL),
(91, 'Hesham Elsawy', '$2y$10$o9KpSa22xnuCF/CRZeHou.yvV1Zsi4L5KGl0k0yJv2vMINktm7LpG', 'hlovemhlovem@gmail.com', '01206464511', '01206464511', 'active', 'client', NULL, '2017-04-04 09:54:41', '2017-05-28 11:30:48', 'xEPQjC3BqPUXnqGQJnAcv3DSRyCMNEKcc0oX3n60X2GlmIc19cZoMDfcY1Dl', NULL),
(92, 'محمد ندا', '$2y$10$BtFmnt7a0okG75EgJXaPCObi20sjIXD7swV4kCdhoITVdZqhnlkpy', 'mbaam2011@gmail.com', '01006052524', '01006052524', 'active', 'client', NULL, '2017-04-04 14:12:04', '2017-05-28 11:45:04', 'CW7CNxtUrCLAPglF6L1KS5FaVT804ANlA25ySPFUwRo3UWnFzNrcrJdROYWL', NULL),
(93, 'Sara Hegazy', '$2y$10$KO49Ez.1eR5iqoorCJ1.i.aai3ywGTiG88jjjkB/va6r50skH3u2C', 'sara.hegazy-2013@hotmail.com', '01270846516', '01270846516', 'active', 'client', NULL, '2017-04-04 14:58:15', '2017-05-28 13:01:57', 'sF5KLgMgO7utGGAf7Uaw5Kb3CXlygioMkOHx90MXsmcKIBTjO6qULJEgge4x', NULL),
(94, 'Hassan Abd Alah', '$2y$10$i/ruTs9K6xVnVDLig5tuoePjKzzwaZ50xCBsCLg3sVsUopOL7GEBK', 'yahd.yahd.ha@gmail.com', '01098095568', '01098095568', 'active', 'client', NULL, '2017-04-04 23:35:04', '2017-05-28 11:31:13', 'gq9dqhZslTMUD88Sd1LJgQ1m8qDfRaS3PRs5bDnrBXQGBMfg7IxnnOy54UY9', NULL),
(95, 'REDA FATHI', '$2y$10$5PRz6uFsYu/TrgvK40AcdufL7bfaQEfKVZw/8BOa0fW6zPvVR0Xme', 'alzayat@yahoo.com', '01200880332', '01200880332', 'active', 'client', NULL, '2017-04-05 15:58:10', '2017-05-28 12:42:26', '7XpiyqKl9qjKZoHuLlU4C472Ybo421bN4d6WMbURiFzi6IYv9pt83psRsDGC', NULL),
(96, 'Saied Barakat', '$2y$10$OQf7HIvzSMi/A4ldHL4rMu09tLgBw5TRLTnVfTAwip60Av/OqKeKS', 'saied_barakat2010@yahoo.com', '01113670297', '01113670297', 'active', 'client', NULL, '2017-04-05 18:48:58', '2017-05-28 13:02:42', 'A9YPlfeo7tpxI9btZBFN3cUJqHx90yAsByUwUflOTnPY4gMYv7rRGiCdF2Ns', NULL),
(97, 'Shady Fouad Abdelrahman', '$2y$10$nrmRh1gy4tlhEToCivb88ORpGI9FBQqapxOOS35NBMGgCwkiZ5of.', 'Shadyfouad51@gmail.com', '01113675364', '01113675364', 'active', 'client', NULL, '2017-04-05 22:32:02', '2017-05-28 13:01:23', 'A2PuBVgDYrqtKfx2dFxZ9WAz7hdjo0QR1dCs4hRVz8phgplCGZXOveAVxlwC', NULL),
(98, 'Mahmoud Abo Naser Pop', '$2y$10$VntSgpgibW9PR23B9u6zWOSiDSNTeE6Gd8/uEwldPc.bVaUMkPWOW', 'eldelarpop@Yahoo.com', '01005393413', '01005393413', 'active', 'client', NULL, '2017-04-06 02:19:27', '2017-05-28 11:32:28', 'CfuPZYgmPJhA8K2eHrMUG17no8KEaC27CAUhX9P5ICwNdEf0rpLqeeKi4Lhz', NULL),
(99, 'خالد الخضري', '$2y$10$NfpfikJSwuDC9EsFP3bgnOGhmz6T.VnjM3ew/wO8QHF7lWRKr.dL2', 'alkhooooudry22@yahoo.com', '01157979599', '01157979599', 'active', 'client', NULL, '2017-04-06 05:59:49', '2017-05-28 11:46:02', 'TWYif2kCV2DotiupqpSaLHX7rIhyg2KGYpwDAFaSQaYgXV6kQXrlOt8ZJRPp', NULL),
(100, 'Emanuel Masoud Habib', '$2y$10$h1Ye./Fg5dOmp9Ts.mIVMubJfNbwhvsABK06.QmWUitWMn3EuY6Em', 'ramy637@hotmail.com', '01229599080', '01229599080', 'active', 'client', NULL, '2017-04-06 12:02:59', '2017-05-28 11:28:50', 'Uzje4KdAj6n6DYSkVbVu6Jmf8goGfuyA17PtmVERUTjSfY6bpFi6VYfQVgNA', NULL),
(101, 'اسلوب حياة', '$2y$10$fCakxIFqpEF9w8mBwijJyunvGpVPUvUtcB4SoMpaP8QzhFBx5fjaS', 'Ahmad_star24@Yahoo.com', '01286538743', '01286538743', 'active', 'client', NULL, '2017-04-07 08:35:31', '2017-05-28 11:46:22', 'FGqNsfn85pxFPrStXYFurZw9etVMIgf7EV54gP7yzbUJEMHbTwkorhbMX9Rj', NULL),
(102, 'Shehab Elgohary', '$2y$10$rjlnY5U7qIwo1oQUTtlxteNq9ECoSfC1aZsZK3SOlgt5EdDSYbCw2', 'elgoharyshehab131964@gmail.com', '01095573234', '01095573234', 'active', 'client', NULL, '2017-04-07 19:08:57', '2017-05-28 12:44:08', 'OMFWcNgu9XZ2NqKQp9GqRigMUZcSzobo3tdKtizg9JP0P2OPYXaO32FkCIot', NULL),
(103, 'Ahmed Abderrahman', '$2y$10$FpwlfGmLwfgv/p8I5xycY.5xGVJA6y9dkJ8x6DaiaBBpcATsT3Z7u', 'ahmed_abderrahman@hotmail.com', '01006923191', '01006923191', 'active', 'client', NULL, '2017-04-08 12:31:27', '2017-05-28 11:24:06', 'gYjzPLq9AM9BN9Ab61rI1SfYiuugh1HZ0RXPoqIBgmeDGrt9q3ynTNtYr7II', NULL),
(104, 'Bassem Mohamed', '$2y$10$423VuQcdLUs6vAeDWrXNvO47IomHd.Mbx4ez28Vl84NsHg0Sss996', 'bassemdon@gmail.com', '01004598465', '01004598465', 'active', 'client', NULL, '2017-04-09 10:27:57', '2017-05-28 11:27:11', 'aT6RzUwEBvSMXKFjhDF5qD2m3SIAtr8xj8LNYYtDtmVAxsjCPfBvuaq1X8sY', NULL),
(105, 'Ali Sewing', '$2y$10$r7XOGdT6c15v.7fWY2nQkehD10mfkWf6loYKXY/z8KP7DYBP2MbRq', 'alirasoil919@gmail.com', '07804212875', '07804212875', 'active', 'client', NULL, '2017-04-09 18:28:54', '2017-05-28 11:23:20', 'b2KSMB4qsvxWFEySc7Q6y2abouGnCXVwJ3Ip7kPQZU3biPuJujWjRCJaxiV0', NULL),
(106, 'أبو يحيى أحمد فؤاد', '$2y$10$DXQkeRtdk0uKUeBp6BwJyuoq9uag/mCSsRTaVsCVevc0aGG6A0e3C', 'ahmed_fouad.2015@yahoo.com', '01129271530', 'القاهرة-جسر السويس', 'active', 'client', NULL, '2017-04-09 19:17:06', '2017-04-09 19:20:00', '92tLCkxBkBZ7GGcRKB6GNJ31D9pEJMcW6DRkKXlUUoChRvSE06PwO6N4pSA0', NULL),
(107, 'عبوده جابر', '$2y$10$Xf2p5KZRa3yHhPZyj.IufeTzHSR1KV6xQGSRYEQ5Vy3qmSeE/KBMm', 'pode_KKK2000@YAHOO.com', '01007553432', '01007553432', 'active', 'client', NULL, '2017-04-09 23:09:27', '2017-05-28 11:45:17', 'On70uTPpXLfy8buxUyOLvSsQiYsRABMDZsxsRF5G7rws0ZorhqCCnPAr6mPg', NULL),
(108, 'Fatma Hamdy', '$2y$10$/mG86qoHD4AJWKEYcWr9TOs/68mKwxz8xwNlUVurIZw.kbxrWFihi', 'kity.cat41@yahoo.com', '01000661653', 'octobar el Giza', 'active', 'client', NULL, '2017-04-10 08:41:54', '2017-04-10 08:46:52', '2vXEgIFEBiLt1TolaYXwDj5oqDG0JYnuVgK1LUnJh9HhX7ysNXQnmKMNzKwo', NULL),
(109, 'Peter Adel', '$2y$10$qA3/34rWBoUt4ir0fVBZ5.s027I7jEU6u5r.Qh0ZHHhk1Bfq25Sha', 'peteradelsefen@hotmail.com', '01225111530', '01225111530', 'active', 'client', NULL, '2017-04-11 23:47:11', '2017-05-28 12:43:10', 'fnD9Dvnq4GTPtcXIybTcj63FpNPblAYEZq6bB33B1bNrMzWYnUryAS8szvYy', NULL),
(110, 'Mohamad Elsaid', '$2y$10$omjR96brcptve91XHCUUAOZ0qZcyOcP8Sv8UaTZBs91ejMq5Fe82q', 'www.rimastex2014@gmail.com', '01002536497', '01002536497', 'active', 'client', NULL, '2017-04-13 07:01:36', '2017-05-28 11:37:17', 'PtRv564gqpnWyItEhPLZUxO1q1xSJ68e1grax1u9agSdTFzLShZr5zoPQqDb', NULL),
(111, 'Maged Bekhit', '$2y$10$8miOl3wb3GAiEPK5k2ArOeuzI0o8MJPLM7y1T5y/GPlFI8OOoqe5y', 'magedbekhit@yahoo.com', '01227615444', '01227615444', 'active', 'client', NULL, '2017-04-13 19:16:37', '2017-05-28 11:32:42', 'Iwt2gVbVjbk3rNGT8VTUsrsAX2qT9ByWAT8pvghohyUUiIGIwkMmsCJggiaw', NULL),
(112, 'Huda Latef', '$2y$10$e4dIxEAfXQQeNCV.TYYDHuEf8oqKe1gL6Vf524krcRtAC.zYaDVb.', 'Dodo.Ahmed7887@yahoo.com', '01006957710', '01006957710', 'active', 'client', NULL, '2017-04-13 23:46:43', '2017-05-28 11:30:40', 'mHbwxam5rV7sV8x4psQd3WiQwKrJE1yS3vBHy8Im1pkqnmB9sJqEkiLxYO4E', NULL),
(113, 'Salem El-Karamany', '$2y$10$QTYLsw1blcx67/AF3tyGB.1RQrtUeevsSVPZshFwB1ypm6f0xGoG.', 'salem_sayed_sal@hotmail.com', '01205511441', '01205511441', 'active', 'client', NULL, '2017-04-14 15:07:58', '2017-05-28 13:02:30', 'srXlEGQLwFRkMVcHXgSGKP8noZso69OKlYGLIrprgaYOSCpUlRubyoqev7XX', NULL),
(114, 'عبدالله عادل', '$2y$10$qx03va/BnITSBLtSAbmiUeMRj7aAxM4IOnVS.QRRqC0VA6UeBI0hW', 'bedobedo229@yahoo.com', '01228067270', '01228067270', 'active', 'client', NULL, '2017-04-16 14:41:26', '2017-05-28 11:45:30', 'VTryBFLULddYuw0Z9KJexTb3GTmcEyotwq8gdtjJL8jLfXPGuCF9W0zxj9iY', NULL),
(115, 'أبو ريتاج', '$2y$10$MzT/v5iXLk0HV4mrSv6LeeU/8WipFufwd0cBnBL6lCTzyR7O2XKdi', 'es_kasem@yahoo.com', '01007742522', '01007742522', 'active', 'client', NULL, '2017-04-16 21:07:24', '2017-05-28 11:46:44', 'zSxUH012ZOMroww9KZSie9CXD4zksndO0VCCPP0vgraM8N6IeM1qSeotXcxs', NULL),
(116, 'Ahmed Salem', '$2y$10$7mhcd7e4PU4sNaXiC5hTDu/prpmdJ.qkIzvR7/ogUQZYON7UJSUsq', 'ahmedsalem016@gmail.com', '01000546694', 'suez st.elgeesh', 'active', 'client', NULL, '2017-04-17 18:10:56', '2017-04-28 21:38:17', 'Cxy1YPzyGFDyhVOghqIsW1kB5PQDTv7c64xDiZqPWwIj6WPkM0BWnECCCbsU', NULL),
(117, 'Halim Ahmed', '$2y$10$FV9SnzGMA4EMHsLOxQJvKOxIogAbAWa3HbCzSFqVVfQ94qRvu54/W', 'halimoo309@yahoo.com', '01204499900', '01204499900', 'active', 'client', NULL, '2017-04-17 19:55:37', '2017-05-28 11:31:25', 'wK4LfwyxNSP893wcjIODOi2ix5mM7aRQwsULdmr6PAwX4gUhHVMJZy5NCZel', NULL),
(118, 'Booki George', '$2y$10$rS17RtxHzAvxqm.8Hz7x6eVkNnZ7wuJIsVzbDKCymXWTXVGEQ2TGK', 'booooki95@gmail.com', '01206162168', '01206162168', 'active', 'client', NULL, '2017-04-17 22:17:02', '2017-05-28 11:27:25', 'NkR8KQy8z6G2dM1C6OXObzNEUvId6f49e2XjYFJt37IG0YxWJHCt1z4mjQQX', NULL),
(119, 'Ahmed Ashraf', '$2y$10$NSgct6sEs72khh5DwIE5oOubmBPii.PLzktScnJeHleRdStkni6RK', 'fashion_man@yahoo.com', '01097347134', '01097347134', 'active', 'client', NULL, '2017-04-19 17:25:12', '2017-05-28 11:23:53', 'vDkgHWHsRwRwIAgYmYr0VfDFV22eJYkyStPKB5pbWLwO8C2sq76YWtgtOkiY', NULL),
(120, ' جنى اسماعيل ', '$2y$10$n9EscsKMmQG6kMU7xnL4pu5vGNczbiVuPx5k6kcokfuM8FCxsjyre', 'salnahar89@gmail.com', '01116838488', '01116838488', 'active', 'client', NULL, '2017-04-19 22:05:44', '2017-05-28 11:25:42', 'xYhHIYd41lf5WVRWx6Aq6SXOuYwmUT4jnLeAGWgbkQYx2mZ5y8A6k25lKTo1', NULL),
(121, 'Mohamed Bakr', '$2y$10$AweGYnjzdoNjRiW3WTmzn.VuM0L5p9PohReHnFui/e9z7EkCYJ9bO', 'Mohamed_bakr222@hotmail.com', '01142224275', '01142224275', 'active', 'client', NULL, '2017-04-21 20:43:57', '2017-05-28 11:36:19', '95tzXOTlKXDbHXwBLqekSp1omvy3YFc12b40j60vkeqQpCyl1EdruBJXGM0p', NULL),
(122, 'Mârÿômâ Ahmed', '$2y$10$fnLtVkWQfhY/1.6bmR6TMOzy8MaDEnmWj1s3WEVQHe/9OGSs7S/ye', 'mariemmiro2511.ma@yahoo.com', '01000435423', '01000435423', 'active', 'client', NULL, '2017-04-23 11:49:39', '2017-05-28 11:42:25', 'yrhqQdtKH41FanlGWdqAQv0ebp9nS7cr3QEVa4B85u6dUvyB0ChI6Wffzp9O', NULL),
(123, 'ابو حمزة', '$2y$10$3DkHJbxIjbfdRm2ORwbsc.dE6EpcPVovxJaJNLGESjePWcOYaHmAG', 'mo_hamed_fa_tota32@yahoo.com', '01061731079', '01061731079', 'active', 'client', NULL, '2017-04-23 18:54:18', '2017-05-28 11:46:31', 'DpJ8tjBj9UXpslNO7Ktn4P7dDA6P8yOEd10ktAtqvLISS9NrgxVNkUK3d2fE', NULL),
(124, 'Hassan Aboelkhair', '$2y$10$VpagrK9c9fCAS6977iBDuutIx/1P2u32y2EKQYqkn2DOIjt731wPG', 'thespider_rayan@yahoo.com', '01000165166', '01000165166', 'active', 'client', NULL, '2017-04-25 04:04:42', '2017-05-28 11:31:03', 'dlB464S517nPMgPnNRRZ3YNbcJb50NeNvKxy4k1UOpMXkIGgMdFEnY1cmKd0', NULL),
(125, 'Hussein Khalil', '$2y$10$vYaJRf1x1Vb3fH9PIs2Wa.q7rWUQvhlUHWxsU0j7hFSpqImU1cWNK', 'Hussein.khalil0@hotmail.com', '01005500279', '01005500279', 'active', 'client', NULL, '2017-04-26 13:17:33', '2017-05-28 11:34:57', 'LvpA41Xhfw0LvOpNTlep0h7iCEqlGLfuI6myP87yocgVBpfcKKDLn2pLuda7', NULL),
(126, 'Mostafa Tag', '$2y$10$IPGU.zEIAxujGc3pdHOCweLCXq9lTd.vO3OwKwbLVX0tiHN34Slm.', 'mostafatag81@gmail.com', '01060061201', 'cairo/ egypt', 'active', 'client', NULL, '2017-04-26 13:33:03', '2017-04-26 13:44:23', '3MXSC03taAittl20WyVXh7MvBknGL4SXK8V0msY0BqwsBSiJx0IYvAzAwPJd', NULL),
(127, 'Walid Lonley', '$2y$10$rTAzgNOFqikYFlFapMo65u9eyd9Br32MY69iAE3reHXGpE5G.XF3e', 'Walid.Lonley@yahoo.com', '01020857220', '01020857220', 'active', 'client', NULL, '2017-04-27 04:03:37', '2017-05-28 11:50:58', '1fWCt0B7CIO80Lota09nT1IfG5CbT1iu3BoGp1Di62ElIUbdjStWGjdNiH0n', NULL),
(128, 'Nader Naser', '$2y$10$gQvNS1Aaqmtmqm46Pck0/.sBBFliXpkzjFPdDehnxzZ14aUceE8aG', 'nadernaser7@gmail.com', '01118083350', '01118083350', 'active', 'client', NULL, '2017-04-29 16:31:15', '2017-05-28 11:43:28', 'raD9anhv5SIfVQoYLIAuBmLH7JPZL3BWdarzq4z68b6DnHE3I328r3GnRUAb', NULL),
(129, 'Abouamaar Alnagm', '$2y$10$ukXaUAcjOTmrpnegg120XuVqDdDIMJILtnX745rkSor12agWGut66', 'timo.hoda@yahoo.com', '01274565509', '01274565509', 'active', 'client', NULL, '2017-04-30 15:50:23', '2017-05-28 11:25:22', 'EhzA4RR9zwUdZxTbp7D9IjQ6UlwkpDtzohNhgkJHkJOBgQAHZZmHNzfL09AY', NULL),
(130, 'Yasser Elbanna', '$2y$10$2zGpfPbKifbYgdTbatBPuOjotaK4pCInqOzSmYWlTKqDeljP4mIom', 'angel_eyes_bony@yahoo.com', '01223684018', '01223684018', 'active', 'client', NULL, '2017-05-01 12:34:47', '2017-05-28 11:49:45', 'UKgOT2nx3SJ9be4HEf184dYi8oxgAad9OlLACP1CpH3qDcnh53GBgafwoWWH', NULL),
(131, 'Eman Mohammed', '$2y$10$u7aV3wgTSWL/EyeVZOgikuJZ9XYenEPRCwfIBNeCf4fo.eTrhPrPO', 'eman.elzhiri@gmail.com', '01093635544', '01093635544', 'active', 'client', NULL, '2017-05-02 17:40:29', '2017-05-28 11:27:56', '4B7e43vLbNkU4MIKBySibqLi9qxTohywmYRW2x8m65v5ZL75piVxqXoBefad', NULL),
(132, 'samehzohny', '$2y$10$CaCWIGbdYV3lJ0VyuqcJQu1bEwlnij63jYq3jHgjhdQCtTabZc6mK', 'samehzohny@rocketmail.com', '01007457581', '01007457581', 'active', 'client', NULL, '2017-05-03 04:33:28', '2017-05-28 13:02:16', 'iFz3KKwMTxlQAeOliaUhz0rQBA908H3tjnrDBMbRxU663U2QKlfLP4nxZOdL', NULL),
(133, 'Mohamed El Madawy', '$2y$10$kI7GCUQ81n4rjRjuHhaFX.9a6xYG8yzgXVdqpHwN1w28xY8BMdpIq', 'madawy67@yahoo.com', '01200334230', '01200334230', 'active', 'client', NULL, '2017-05-04 01:53:08', '2017-06-01 08:55:48', 'Di5GH8bNslN2CGCIEgnBjCJVXtzJLnufOcC3ohPEoedrrT6YefJ9EHeY3lCG', NULL),
(134, 'Mo HaMad', '$2y$10$1Eq7i/6yGhh3LrKNHHi1d.KQ5.e1mWddx9geABdMC26zDt3bXBmXW', 'mohamed.fawzy.aboualenien@gmail.com', '01100017298', '01100017298', 'active', 'client', NULL, '2017-05-05 00:19:26', '2017-05-28 11:37:42', 'u0cUuvwEM7QvcLXSYpIatkmUCchfUpHjG1vRbOc1L2nMhn0Q18wJj9Y05iXc', NULL),
(135, 'Islam Asas', '$2y$10$g6n68gtu1eGfAdqTM0e6C.KCLY3G6jXb//YbH2XPeO24yRGRulyF.', 'Islam_asas51@yahoo.com', '01013894998', '01013894998', 'active', 'client', NULL, '2017-05-06 08:17:57', '2017-05-28 11:35:41', 'dyxLep48OFbuyaAEq77oCD7lSrElEyTuD0WlJxb0RbDnykUZUTTaOLKuIbaF', NULL),
(136, 'Mahmoud Magico', '$2y$10$qY2kKCt/UEaxKqs4tRXSTuysa9bgEGcFVqzXhuSXh22f/ugnAohXG', 'mahmoudradwan7780@yahoo.com', '01274702256', '01274702256', 'active', 'client', NULL, '2017-05-07 16:34:54', '2017-05-28 11:32:10', 'HRC4vydoLYGqDm4oTxxMpISZFAPUIRxd8U3y3Sk3eXszSEZnewCoMUsgyHd8', NULL),
(137, 'سوى تك دمياط', '$2y$10$C9iuPamvuUrJTqGTYloafOtNNoGLT3bIAsTUGmkdHZfg6qmURvJk6', 'elissalb_m@yahoo.com', '01004432642', '01004432642', 'active', 'client', NULL, '2017-05-07 18:11:15', '2017-05-28 11:45:48', 'sEWvrXP1tB2WLUevKW1939Mirwx3b50iz9ROezLH5vmox6ZENRK9do9SocXi', NULL),
(138, 'tena eldean', '$2y$10$joWQDuvETZlCPRqMPM6uA.wmbvFkBZscS8n0lNuoBGrPfbsHxSvC2', 'tenaeldean@gmail.com', '01018012916', '01018012916', 'active', 'client', NULL, '2017-05-07 21:11:15', '2017-05-28 11:51:31', 'IJiXfWKoapaktGumZNsmrcprtQUmyVxJMxQAJN8d8v5B8ARHcaHK2D61SQqM', NULL),
(139, 'Reham Gamal EL Ebiary', '$2y$10$TGeR.n8/6ZwDWacfRsYIbuDY.RzX0LQmqBLg8bpAQEt2uJKo2L7sO', 'rehamgamal3392@gmail.com', '01116145854', '01116145854', 'active', 'client', NULL, '2017-05-08 13:46:56', '2017-05-28 12:42:39', 'sITsj5AiERaV4CPWpE0hjd5zZzq5mbzu8ynNginOwusjgXGXKIkUXz0TgjI6', NULL),
(140, 'Islam sadiq', '$2y$10$KGhPOK55AzIyV3aDqxQw3ewqDeR4uXwNB3bY0tE5rYIUkllQk9p/a', 'Islamsadiq51@yahoo.com', '01121352032', '01121352032', 'active', 'client', NULL, '2017-05-08 18:24:59', '2017-05-28 11:35:27', '1VN9YC9b9oBAvOpX7vYqB0q4ZFHPeCeTITUUKDIAf5JAjGNFPK3qCTWoPJLx', NULL),
(141, 'Ghada Sapry', '$2y$10$QZHJwTl50evAo2E25Z6zxeiS.zd/Bf8PP0TR0Ap9hrA6jNSdVCucW', 'mody20104168@gmail.com', '01066464356', '01066464356', 'active', 'client', NULL, '2017-05-09 12:53:24', '2017-05-28 11:29:43', 'exnfxCD0jooCz6biGPEZWn3VaVJG2OllJsMFj6RUFHEwJRNh7hezgaI0vibn', NULL),
(142, 'Eslam Farouk', '$2y$10$YyUTF8hEisOCkI0Ej8aKTeFgI4otoYLcRPm0.cLoXCm7m2jpOpD8u', 'alexmaster675@gmail.com', '01208737215', '01208737215', 'active', 'client', NULL, '2017-05-09 18:08:29', '2017-05-28 11:30:09', 'oU0ZW32O9kcIaVDA4lHgiM3HZPNJj5pfHAn9zXHNh7gUZU58qJ76qkLKi7rj', NULL),
(143, 'Marwa Mohmed', '$2y$10$M01rlaZEaMVLH00jxWQCouPd18DJede6uLiIvNMpYL4qNLtSKbsCO', 'marwaelhelale029@gmail.com', '01115332662', '01115332662', 'active', 'client', NULL, '2017-05-14 16:40:11', '2017-05-28 11:43:06', 'gSKymTjdV4vCxFw1WAUMk9kS9JoQCqITmZPSVvFvM59PZndFpknrM4LnNAS6', NULL),
(144, 'Haytham Hamza', '$2y$10$jA6u9.b/ICeFkD4wN2/1du7sO8vXfNqpYxlM4zxK/CwNg/x.dyUPy', 'elbiane55@gmail.com', '01005357090', '73ش عبد الرحمن باشا حلوان ', 'active', 'client', NULL, '2017-05-14 16:45:41', '2017-05-14 16:48:00', '573ykORrCYUJj6egfBLWVoGxfEUh7ioDPAPMsNqhEz8hENcBMoKozVjo8HHp', NULL),
(145, 'Mina Boshra Rofaiel', '$2y$10$WazOa7N8in9l8cwyk0pqR.3GXI4zNHPvfdsyF/.b.HTmjW3kn0vxi', 'mnus2002@yahoo.com', '01221696467', '01221696467', 'active', 'client', NULL, '2017-05-14 18:11:14', '2017-05-28 11:38:11', 'PVlJyA13ApDJJ1V2W8q0vbGRFuxaPFtid2hvWuoJtc1KKBiuNgOfzsAjiCWz', NULL),
(146, 'Nirmeen Ezzat', '$2y$10$fdng/U9wPfnQk7d7dp2e/ugQDII4NIzgK932.NQqHzYehVuJ.DYqy', 'nirmeen85@gmail.com', '01211445560', '01211445560', 'active', 'client', NULL, '2017-05-14 19:10:46', '2017-05-28 12:43:25', 'oy2T4rayIsdbFXdHC1PiXCmtU0q3pWe8bDpUQ1KeZpRMZxCyNZW7B9gOt6mg', NULL),
(147, 'Shimaa Hamada', '$2y$10$gKIgXs.v1rMqVacMyD2D2ujjOS/7pIonuB1ea/kRkogYxbil1GbKq', 'shoshy25zaki@gmail.com', '01285584453', '01285584453', 'active', 'client', NULL, '2017-05-15 20:44:52', '2017-05-28 11:52:36', 'RPhqG9gSjdjOKFmiWc0k9LTMntWkvR3wxEHsFJMG3XVOO8c5avTcKcIj5qw4', NULL),
(148, 'مصطفى طنطاوى', '$2y$10$T5dlTbCy3WTRDZmjs70m7O9KI31WmLUMxNAkvEc427ZTaW9AAJ8VK', 'Mostafa.Tantawy44@yahoo.com', '01110188948', '01110188948', 'active', 'client', NULL, '2017-05-20 17:49:58', '2017-05-28 11:44:12', 'p1uuN0G9hijkvIkIoAUoTctWKqTpajBVy2nMIzj5RyeJpy8QziLvRpaV73Ws', NULL),
(149, 'Ǻħm Ěď', '$2y$10$TRrdtpvUxUYZQ.qtVidROuPpWIV6Jo8.wPKFxDqywWLam8Uai4maS', 'm4lyou@gmail.com', '01282774016', '2 elbohy imbaba giza', 'active', 'client', NULL, '2017-05-20 20:21:40', '2017-05-20 20:25:08', 'lOoBEGdlhgXoSKhhZFsFRUX1sUR7UHyVNqUxkeEyn4HHyAMh7y0rQVv7xpkr', NULL),
(150, 'Mustafa Muhammed', '$2y$10$OxUrMhnKYrdPA9hx3.HJRuo1GbnnAQLmyq4WZyDE/tCH1SKooUrpK', 'mostafamohamed_93@yahoo.com', '01203823231', '01203823231', 'active', 'client', NULL, '2017-05-22 20:18:15', '2017-05-28 12:41:41', '3Mg7smuS6nxTjk70PirqibgYkZSUyc5xFBFhatEcMIg4h7C6YQbr2kkeeelL', NULL),
(151, 'Ronak Chopra ', '$2y$10$Y.dt/.Pcxh66tzTQA7ZymO/MVM6b17oTs9/Ant2sYGS1xijSO7zWG', 'chopraronak@gmail.com', '9982020277 ', 'panwaliya, rajasthan, india ', 'deactive', 'client', NULL, '2017-05-23 16:44:12', '2017-05-23 16:44:12', 'MKwS9DhHxIMi8oG9TIMjSP1yPzIvXhn4tyDRpPlAF7Fjpnr6AgyJGwKvT6cn', NULL),
(152, 'جهاد جاويش', '$2y$10$m3zTPCEsxi6ci40/GoL15eUX6NBqjyJb7kT3RkVS4VLWwwhM0RpdO', 'gehad1978.gg@gmail.com', '01211167230', '01211167230', 'active', 'client', NULL, '2017-05-25 07:48:27', '2017-05-28 11:46:13', 'u9QLFdv8ItS6QzI7yavOPInSh5MNJtfc6DZUd7homgE2pZOa3tfMrQm72N9L', NULL),
(153, 'Ghareb Marie', '$2y$10$WmiNEW3B2pXGodsSxT/JqOlULfzk/4J6lcyldyNLPLyAAcn1dh1dK', 'ghareeb_5@yahoo.com', '01007268236', '01007268236', 'active', 'client', NULL, '2017-05-25 14:45:51', '2017-05-28 11:30:24', 'LYnaFyRBYezAzFvRO5yFFtUeqRLsyoLfdSak96x5LsswtQ1xKZ19yIU9NStD', NULL),
(154, 'Amr Eldokashy', '$2y$10$bEJawnQ9uWKn3Jcz6Uulx.fPRGz.jmousD66TZotTexO14maHl5vS', 'doksh_11@hotmail.com', '01223412478', '01223412478', 'active', 'client', NULL, '2017-05-25 16:05:01', '2017-05-28 11:26:46', 'GVM4Q2zZULHZuDeHc6rg3VwOYyOJ7IU56Ks6Bxouj7kqv2UFjWAsyjM2KRtd', NULL),
(155, 'Manar Hazem', '$2y$10$8aDn0KH9it5zVRyiXl60jeH6PKVTkkjfTIVPlWazVIMkNac7Jhw4O', 'eng_many@msn.com', '01154911709', '01154911709', 'active', 'client', NULL, '2017-05-25 18:35:31', '2017-05-28 11:42:45', 'EJC0NkPXJVnYJm1ZoWuWIIdXmFBOxwmWb91cAOs5nxES9VJafMqUTeNampno', NULL),
(156, 'Mohammed Mohie', '$2y$10$0K/fpfBs6DHJbEM1oyiJh.SxZlkRsC4ChWYhXxjW7kVwOiLKMS/1C', 'mohiea1@gmail.com', '01150082060', 'giza, Egypt', 'active', 'client', NULL, '2017-05-25 22:22:58', '2017-05-25 22:24:34', 'bpj6UgVBhWRbBu8NhWE9VlL35nGIBT3uUYj1Di8kI5Wk97QgEuEG4vMu1HWg', NULL),
(157, 'Tigers Trade Lines', '$2y$10$oSCzsKa7ECrdWX..1ua0JO7pB2paHgSzFaBxxIb9mUP0SVrvp5FIm', 'tigerstradelines@gmail.com', '01000171408', '01000171408', 'active', 'client', NULL, '2017-05-27 20:17:32', '2017-05-28 11:51:09', 'LPwrzKA5E2G0y3b1smWOOQnngitUrl802gSuApedlhmwl2dNTJiIfkahDd1q', NULL),
(158, 'Alyaa Refay', '$2y$10$zQvzwB1IDhdI1wWx.QIlbu2BurxgnJZXYqd6OgX55jQMVm0P10/i6', 'lolofahmy658@gmail.com', '01091888636', '01091888636', 'active', 'client', NULL, '2017-05-28 12:09:06', '2017-05-28 12:20:47', 'yrb66FBpQqEFDl5wuMv3rZO7HSw2hpkraQR1njNuwJlrgIkReeQMGiNA2UoL', NULL),
(159, 'Ahmed Ashrf', '$2y$10$odKM0ytqDQ4IDQhEntY.QOLkrWqHznD.gYlfZWvQTY2dMmsTz.Vi.', 'lazurde_fashion2020@yahoo.com', '01069169682', '01069169682', 'active', 'client', NULL, '2017-05-30 13:40:19', '2017-06-01 08:54:26', 'ISLpqNt7Jyflhi0Qqhh27Ud8JxqUod2wsjBelRtQHcMiNMNUeWXQXsIM2i17', NULL),
(160, 'Abood Soliman', '$2y$10$3oXLJnVjb8a83.uZrPML5.azwCV2n8SJg0QGw8L/ROq55ieRlYWn6', 'abood.doly@gmail.com', 'a3364826033', 'abood.gmail.com\n\n\n\n', 'deactive', 'client', NULL, '2017-05-31 12:50:47', '2017-05-31 12:50:47', 'x2rg89qVTyqZfaD3PVDw6X9GcKuP5vMONiZqn0lpO1L3SSxEcEAczORGkhYS', NULL),
(161, 'باسم التراس', '$2y$10$JIKm8HQOeUfnxw.UUOhwe.YrHCM.lHVaJi6ObK3997pluDfT4bQai', 'basemaltrase@yahoo.com', '01006585912', '01006585912', 'active', 'client', NULL, '2017-06-01 06:15:30', '2017-06-01 08:56:17', 'skAGezOLEZJQbSA2fPFAF6vD5eFxaLE6oWgghUVcW2kQjWeUq8Q97YwCqA1T', NULL),
(162, 'طالبة الفردوس', '$2y$10$aw4t/GxMyu8cxNdikiBWqOuexaTe/h0rCX7./YVz2C3RBMvvSIHUi', 'm.p1234@yahoo.com', '01006340019', '01006340019', 'active', 'client', NULL, '2017-06-01 14:01:42', '2017-06-13 12:11:51', 'JJIZUq9RY86LrG7lBmYoGnGcHekiCQ11y53X8wG72kjppbpRrH12xjwSlAXN', NULL),
(163, 'Mohamed Afify', '$2y$10$KS7YXtcWw/JsVxXx/rQTUuZxhu4CRht/hnIZe8p3BiAjpHDC26YDW', 'mfetek@gmail.com', '01010588555', 'cairo egypt\n', 'active', 'client', NULL, '2017-06-03 13:38:23', '2017-06-03 13:48:15', '3qokaj7RaUAUjJz5yvAkxxPB3L7OeKlDN37Gzy0nkctFedV2GK8t6EUSrMqz', NULL),
(164, 'Salma', '$2y$10$ioMuSydPgVQ1b1q9oMOtleK5rrD0mhRDG2R8wymXqoMfgaX.AImMO', 'salmafouley@yahoo.com', '01066084826', 'Egypt, AlMinya', 'active', 'client', NULL, '2017-06-03 13:39:56', '2017-06-03 13:40:06', 'lvtavq1amiK2UnF7CxjXdbVoGYpgRpQNUpxmbwwAOGeGohWQ1CKPqW24GWgE', NULL),
(165, 'Lamar Ahmed', '$2y$10$yOE5ljhQpbQG.KoVRA.MZeql.Gw0TdZ/ibAeg0NkqP4RIA7mecLq2', 'lamarahmed32@yahoo.com', '01204994103', '01204994103', 'active', 'client', NULL, '2017-06-03 20:25:14', '2017-06-13 12:03:56', 'afa1jMXkklzFVmpjVLrzvqtXb2DhnYmzREFfp5UqPsRaFLjniHn0SzlizPOK', NULL),
(166, 'محمد براهيم', '$2y$10$3/XGWTbk5PYNjRL5kmG/g.rFs68dPUvpbZoQ0zEllze1EUcwxRm4y', 'mohamedebrahim161@gmail.com', '01063925779', '01063925779', 'active', 'client', NULL, '2017-06-03 23:41:59', '2017-06-13 12:08:33', 'AuifBLADYWt5mFpybhyNwPRWQeeq1Zzu2uCXi0t3eMzyVKeYmqRW3FRVtTlm', NULL),
(167, 'Kundan Chauhan', '$2y$10$4LfPpNEA..qDp86DYmLyBOLq4C6YiPZ/8CurYm9rkZpAUvtYfuFBe', 'Kundan0987654321@gmail.com', '\n7203064542', 'Ahmedabad\nAhmedabad', 'deactive', 'client', NULL, '2017-06-04 07:43:06', '2017-06-04 07:43:06', 'ZtRlhp2Y31acnjhrUJ3DYn8fZsaG4G9RPHqSKYaAez7JC0mKdvyYSTRuyqwW', NULL),
(168, 'Ghada Taher', '$2y$10$XPoMqJA4cW25Pugu88Y7O.lDXGCeOYlhgYUqcJ/yLG06YBY2aO2RK', 'ghada650@gmail.com', '01223354600', '01223354600', 'active', 'client', NULL, '2017-06-04 10:41:12', '2017-06-13 12:02:12', 'zqc9uGnDymSjnlRGimWw2zNikPeQTa5yE3d3FvUNIG027usGBDNVvHzcvtr4', NULL),
(169, 'Mohamed Hegazy', '$2y$10$wj3UMctLHJKGnLIl0wVlYOa7kLMA2N.fv0OEWUhaBi75EwK2SmZMi', 'mohamed.step2010@gmail.com', '01069912222', '21 ش النعام الزيتون القاهره', 'active', 'client', NULL, '2017-06-06 10:26:21', '2017-06-06 14:58:19', 'bM5ztWc9fdzjb7LfgFlnQheZVouDU30kz3dO7kTpNV0NVfsqdJzDxAJiaydF', NULL),
(170, 'أنس وليد ديري', '$2y$10$BQYkD1RhSAY6cP7pjLSrF.JbBv5FyYDzcdvLhIVkNO1tpW6/dsapW', 'anas-hopy@hotmail.com', '01211124102', '01211124102', 'active', 'client', NULL, '2017-06-06 11:48:08', '2017-06-13 12:11:10', 'vEM3DqOR6FLH4O5QtdmufEqKqhh3PfrVW0osF5cXUX3vewwswZTcHA3xc9kq', NULL),
(171, 'Ozeka', '$2y$10$SGVveqjOlGLmG8QVjDxGQur2ZC4nU3EFNS1c7MeWwpx81CR5YRyGS', 'Ozeka_zoroo@yahoo.com', '01224096601', '01224096601', 'active', 'client', NULL, '2017-06-06 12:29:06', '2017-06-13 12:07:19', 'prOUVHzHmE8FGI2qvhpVFS54cBM4n1S4O1ERNdRwhaeBaFRwf97f3oyDZrG6', NULL),
(172, 'Mostafa Mohamed', '$2y$10$4g6loZVyUMV290/LwUTvp.Bv4kNNcmxTyeHypNnmGIy1wS5H3THca', 'mostafa.es49@yahoo.con', '01158315262', '01158315262', 'active', 'client', NULL, '2017-06-06 16:21:23', '2017-06-13 12:05:40', 'W2MWU8JXwZSvz8XBPpHAovLrRzUvFxwl0DnjAKKbKL6jfbZdcBB7VEJyuUPM', NULL),
(173, 'Ahmed Hussein', '$2y$10$YWp/QYY0MQraMAp7gGK47.jDhTUWFjpjFiSB3vYWbFoSLAkWnMQpW', 'Ahmed.hussein634@Yahoo.com', '01008181741', 'Alharm Gizei', 'active', 'client', NULL, '2017-06-07 01:57:55', '2017-06-07 02:00:04', 'eWgly5NWJdxzsqbMyYpNLQ6KC8Rsar0ClZV7ztECrVynL5AQ9y72WfJBM6vV', NULL),
(174, 'Eman Elhosseiny', '$2y$10$NgyQ38/siAknNxBRaiH5ZezsN7k/Z45v/dQkNx7CNc5EE774.jhgW', 'emyhussein@hotmail.com', '01006440763', '01006440763', 'deactive', 'client', NULL, '2017-06-07 15:32:27', '2017-06-13 12:01:17', 'OR5sMunNhvPPaTcfiDSfihP3jyBiWVvA4f3jzMX9HkR5IpF50EusnX9H83CP', NULL),
(175, 'Rehab Sherbiny', '$2y$10$aQesBZ/wiAo6QKX7HceaE.jVYGvRbE2pPXc3FBSocDnQ2oIlQIXyu', 'mhanbal87@gmail.com', '01223423389', '7farah st, camp ceasar , Alexandria', 'active', 'client', NULL, '2017-06-07 20:02:54', '2017-06-07 20:07:26', 'Gqs0PqGVvcwi5jvwdWNZ8BHde4qQjBnZ23DgTXJiHc06pdlPPabtN9v7WNaL', NULL),
(176, 'shereen khalaf', '$2y$10$igbkPVqO4wUcKcVnk5oXmer6jp8i4cT8pfwXyzYP4CezlqBCdN1Ea', 'shereenkhalaf88@gmail.com', '01013999217', '01013999217', 'active', 'client', NULL, '2017-06-07 20:18:53', '2017-06-13 12:08:49', 'GT6rLeoRXefWKYnEieNk8gYoTSrzfmc4J66mDBqYVvcjOkLwx4vqJJl6959h', NULL),
(177, 'Mohamed Elott', '$2y$10$0UGeOjJu5mI/K/jyOBiyNu22c.Zom7.n9sGxBByBOqCdM4lkvOS7e', 'roqayaelott@gmail.com', '01022206761', 'roqayaelott@gmail.com', 'active', 'client', NULL, '2017-06-07 23:10:21', '2017-06-07 23:15:16', 'jwuhZWDjDHMd7rhKin0dSlZu6tKv8NBgkIY6lB2fkUyXeES9nJQBQds2xPJy', NULL),
(178, 'محمد إسماعيل', '$2y$10$h6Nz2ydqucxRVj5uI0rudugO9xwI47mYTHVrXxoCp.PCASdcmQapa', 'Mohamed.abu.omar73@gmail.com', '01069555234', '01069555234', 'active', 'client', NULL, '2017-06-08 02:53:53', '2017-06-13 12:11:39', 'CczGxYdfVVNkfVCqbR4QfgOWBGE0RK7GmGfQU5abNhC4DKNDu46Ovse4vTED', NULL),
(179, 'ابوشادي عامر', '$2y$10$.VjM3.a1M7/QBFc7z0riO.U81PbPR2/YLmnXINquRURciLcz39c4q', 'aatih.mahmoud2020@gmail.com', '01005019775', '01005019775', 'active', 'client', NULL, '2017-06-08 06:01:00', '2017-06-13 12:11:23', 'vCD6h3p7UwuQaCuHnfD1KqL5IlTO1xPlsgwAW5aovcOgvssNvLSH6fkk53vt', NULL),
(180, 'SaMi MaGdy', '$2y$10$eI7.g0CAn2ji00qTA6ZMmeYYNp.h9UcvXYbZnvXociYduGYa.fDda', 'sami_eltop@yahho.com', '01154277865', '01154277865', 'active', 'client', NULL, '2017-06-08 12:33:21', '2017-06-13 12:09:28', 'USyjIZ6LA1CFxQ7aqxuNJHAycXXgq4nIpQF6BZkomCYsES3uzDcyarzK4aZX', NULL),
(181, 'Romany Samir', '$2y$10$4bzmi4aH/lTw4GQyROWv6.RP.LseTuSiy6zHcM0f8QPa4eagH1Ayy', 'romany_samir_30@yahoo.com', '01224128777', 'romany_samir_30@yahoo.com', 'deactive', 'client', NULL, '2017-06-09 00:09:48', '2017-06-09 00:09:48', 'P4Sb38YdVoIQbGWMfz92hH59o2LBQXEOUbAn1gFr52jaxoSPTswgXumraJen', NULL),
(182, 'Saleh Fa', '$2y$10$nZw04CrjpaAZQlrjyezLVOjacrHAlh/pazNpVmxcuXX4QVOh7rED6', 'saleh_fa@hotmail.com', '01092571477', '01092571477', 'active', 'client', NULL, '2017-06-09 10:08:32', '2017-06-13 12:08:01', 'PuNcGXBSleTlzR3k3yzcns6ctyQNLlSvpdIu5KUCkiPsOuX0X55fGRTlLcv9', NULL),
(183, 'mohamedibrahim', '$2y$10$70QxKRmSmYoB2RtS9p4fw.42cc6G1.1YNQvrr9r1EhkxeLmwGu3QK', 'amyradamn@gmail.com', '01022519974', '01022519974', 'active', 'client', NULL, '2017-06-09 12:18:07', '2017-06-13 12:06:09', 'u0ZgEnxEgLzAR5Fvb19VquN26zzoqepoM0rGZkLe8LZQVPEha5wLr4CIBofb', NULL),
(184, 'Awad Saeed', '$2y$10$1F8PyRnSzKipKap3eciq5Oe0.JHL0Fx6EQKxeKgRSXXDzqF96iXZS', 'hgab54@yahoo.com', '01125060932', 'awad\nawad\nys', 'deactive', 'client', NULL, '2017-06-10 01:27:54', '2017-06-10 01:27:54', 'QLUKUGlVG5Vyi5EHf3pADai7wXbQOUhYzjBFsKRmNxxqG8xi6HtemsfbyeH4', NULL),
(185, 'eman hussein', '$2y$10$bVtU5w43AuwRTdarju061O6lXpgPbbeGG2EnBJpZg0NZRVvcJ7g8a', 'emyhussein15@gmail.com', '01095016838', '2073 el zahraa/nasr city', 'active', 'client', NULL, '2017-06-10 14:02:24', '2017-06-10 14:07:10', '7zfJDnABzmWRpsE2qtUzIyPP2oh2Wo9rd3SN28a5Pko5QPkTFoCupMKjNyPo', NULL),
(186, 'Mary Vasquez', '$2y$10$fgkH1a0SeMAdduZ8eEGNWuwLmz8dIY0gd4unv3C0UYHD.PAPBebHq', 'Lvs2Ride5150@hotmail.com', '17143417020', '17882 santa mariana', 'deactive', 'client', NULL, '2017-06-10 14:04:53', '2017-06-10 14:04:53', '0He4dxxoxUmquLCpuVdXD9Mo6pRpRPKHioLr3zm8TZ0C6IN8mVAJGKOXzd5l', NULL),
(187, 'medoxp', '$2y$10$KlmdW3/8ttcFiUxoVTG3TupBYETpzCYY.vRa/JwMzD1d34Apz8Pha', 'amyradamn@gmil.com', '01094251870', 'cairo.eygpt', 'active', 'client', NULL, '2017-06-10 17:23:40', '2017-06-10 17:53:36', 'MibV4PEUGeMqwoUzFSqi4Qbrz1DlkmOI48dhn7VYU1fvOrPwWTdFHDxFZOpk', NULL),
(188, 'أفندينا بي مزج', '$2y$10$3mE./wHKAkvRRgJB4Fz0A.zbI9Cm2rmUae56lq72LSAbmoDAzUrp.', 'omaralghawy1577@gamil.com', '01116123181', '01116123181', 'active', 'client', NULL, '2017-06-10 22:21:17', '2017-06-13 12:10:56', 'h2WZchATbUnJCeAARVKO3zFI0KWAXblVbd50mXHA3Bzh8xk2P07reG5Kfq8i', NULL),
(189, 'Tailor Paris', '$2y$10$fRluyLgetV/PMLtY4KvwCuwafNHC5guXbJ25kfoPj30iLyLTiGfgW', 'azizatef2@gmail.com', '01093706912', '01093706912', 'active', 'client', NULL, '2017-06-11 13:38:37', '2017-06-13 12:08:19', '8ytxsS2nOqBK5sYrnMByOVVf8Iy4aZiyblBLeDfDCyvDRYAK7JrqQFQlFmOR', NULL),
(190, 'Mariam Ahmed', '$2y$10$SioDOVmMYoXBmKmjkOQRK.mruQC6moIbnGP4j.5NqQWQxdS5AsUdO', 'acc.mariamahmed@yahoo.com', '01221994486', 'alexandria ', 'active', 'client', NULL, '2017-06-11 23:25:05', '2017-06-11 23:25:51', 'GSAUCptTLdpMbef1G2EbhWD2rRGyoruH30HVxZnzFDwbXSqbES9mDpILv4uT', NULL),
(191, 'Islam Zakaria', '$2y$10$vocbMV8ARvnVodtbk5v/JujU.oNorycY2OryuFuEkAEPz.WdDPm..', 'byzika@yahoo.com', '01090033511', '01090033511', 'active', 'client', NULL, '2017-06-12 14:48:51', '2017-06-13 12:03:17', 'WAfnJkkkzsjSkNMJzpp1ECML3B4OmH3tzyq0bqzWCr4cUVdE3mUOQVsuzelD', NULL),
(192, 'أسماء الخولي', '$2y$10$Rhem0yVURWLTev57.BF2J.QxS/cX6Rt6dNAboAkMIR4cDdvCFsxCy', 'asmaaibrahiem2017@gmail.com', '01100320994', '01100320994', 'active', 'client', NULL, '2017-06-12 15:48:42', '2017-06-13 12:10:43', 'xn7JfmLIQLra4udNnmO6cMzCaRKa1Hf5f7Kckx9U02qP9fOncshzKbp9ge6R', NULL),
(193, 'Yousef Youssef', '$2y$10$O8iUewR67omZDIZ9BfVvB.ZGnXFTmPm8VDQMEYbbr0rO4yYL9Bm66', 'youssef201020062@yahoo.com', '01008368242', '01008368242', 'active', 'client', NULL, '2017-06-12 18:05:58', '2017-06-13 12:10:27', 'WLusKktu2oyplePlCEp9NFFuRMu2dFAiSEZwHWWZSvH2sthmydvwhut1pwOE', NULL),
(194, 'May Fathy Fouad', '$2y$10$aGjaD9bGTnEj9MPB41G4tu7BKUynoGwjadtXWwcr7v0583YY4ZlJe', 'maiom83@gmail.com', '01005086393', 'cairo, nasrcity', 'active', 'client', NULL, '2017-06-12 19:23:08', '2017-06-12 19:27:43', '7uNsQhMLnjOuDRvrkcYbGwvAwLeVAnOD4INZZrcq32ABmWebE9FqGuI34jS8', NULL),
(195, 'HaLa Abdelmoneim', '$2y$10$S/A3CmWR08OpSoifgWKxjuv3rj/aU.nad6H2Z5TGZtvyCV1Y6lNm2', 'halaabdelmoneim0@gmail.com', '01116009563', 'Egypt.Alexsindria', 'active', 'client', NULL, '2017-06-12 22:44:12', '2017-06-12 22:48:51', 'TU3JW4yzqg7bAPggTzptp2SDgsXJbK0TaUNDo5JXrE4P60oTz1kUN4RTa90t', NULL),
(196, 'سيد حسين سويلم', '$2y$10$UyYj590F1dXtCXZBOuH59.EwIzdDyb3rPDK.6ssFBxE4gE8HFbDva', 'hesholove123@gmail.com', '01223705360', '01223705360', 'active', 'client', NULL, '2017-06-13 02:06:24', '2017-06-13 12:12:04', 'oXm8XjRp9gK7eUDpMAvZbfcLKNKvKetCrolCrCj6PUxfFTHXoJdc5tlttwYi', NULL),
(197, 'moustafa yusuf', '$2y$10$cimyhYBr5rDOkB3/ANDzrusgw4lzwuHz0Ptuf5eUFIWEcwEmBR/HG', 'moustafayusuf@hotmail.com', '01112255892', '01112255892', 'active', 'client', NULL, '2017-06-13 05:42:31', '2017-06-13 12:05:22', 'HyGiJ8vNgta386f68f1ny7k9fd5OmDMtEYwrVqXcgLA3Q0Mni4pm0pe9BuQa', NULL),
(198, 'وسام حسام الدين', '$2y$10$MG9KpOruIeIG8hlriZbbBuGeL10IBAiqTOLuy5TQX3DpTmWfNZG2G', 'wesam.elsherif@gmail.com', '01002936602', 'masaken elneqabat - hadaaq helwan ', 'active', 'client', NULL, '2017-06-13 18:04:47', '2017-06-13 18:12:13', 'ZRAlBz6YmCWP523MoqZzqWalVWAtMIfZ5XDDi6OpfVflmQRnGdTBdmKjrTno', NULL),
(199, 'ايلول وحيده', '$2y$10$Kr7z1mwbvjsKkVzdRnKoQ.GVN92fMEybUZ68WQjJnru0h4zj8X80K', 'fatma4.4abdelgaffar@yahoo.com', '01024452441', 'egypt_ assuit', 'deactive', 'client', NULL, '2017-06-13 18:18:24', '2017-06-13 18:18:24', 'MoJb9A4DOfNbgjsCovci4UmvEK2TgMjjzHJvyKZxval8US07msIj7tRrcd90', NULL),
(200, 'محمد خليفه', '$2y$10$7VoCzp4eRLlVuw7YcXe.yOnWeAgNfFpuoCMMnu4AVUZrFZNtuvkBa', 'romance.877@yahoo.com', '01270799909', 'Ismailia Egypt ', 'deactive', 'client', NULL, '2017-06-15 12:15:35', '2017-06-15 12:15:35', 'ADTD01HYsq35wxkmSPQYylO3BdPDzfVWnZZpThMmZWcY2a04IFN2tQoIzyDU', NULL),
(201, 'محمد خليفه', '$2y$10$.ZmcS9sKcWdSKFkA6IAaMei7mx7qGuR.zWAAEa0xQ4lDlEdzWpAay', 'romance.877@gmail.com', '01020073736', 'Ismailia Egypt ', 'deactive', 'client', NULL, '2017-06-15 12:16:30', '2017-06-15 12:16:30', 'mKU1y2ZV2L3LDmFmj6VomwMKXqqrjgmyg5qs06D7CCM97Pf7ifikmjAb4szL', NULL),
(202, 'Osama Mohmed Bayoumy', '$2y$10$vM1YnWjTCb4RGB2j5WRJAuqV.TAoIKHFsmwuB7ePuL6YAu2mV8QLi', 'smsmmath@yahoo.com', '01227158078', 'albahera kafr all dawar', 'deactive', 'client', NULL, '2017-06-15 14:30:20', '2017-06-15 14:30:20', 'acyO4GFx5ZA7I0WVESDXh58K2BMzkxy4dPybAQhGC1WG3shIHdwa58n8cS5U', NULL),
(203, 'Mohammed Baker Medo', '$2y$10$/QRGKcg5zvYk0CZfC9NtIuGSLbW5Zf7lPks2BpbZBKEAEvsG49nmi', 'mohammed0baker@gmail.com', '01284547073', 'elmenofya egypt', 'deactive', 'client', NULL, '2017-06-16 01:48:59', '2017-06-16 01:48:59', '6CMgSR9M1muMD2A7kJJqPda3CF4s2WHITQAPBmNZCLPA7v2WMK6lSxi9MYtk', NULL),
(204, 'Medhat Milad', '$2y$10$ILxasLP0hs506YU7Vasg7.mg.R3tGbYVUGKwHWXRoVURczmbtqx.u', 'tonydress@yahoo.com', '01008048258', ' sanhor/fayum', 'deactive', 'client', NULL, '2017-06-16 10:05:11', '2017-06-16 10:05:11', '7BR5DaTIQAohfsVYVhHI2fpuNcLd7gHTZSMCBVBkdqrdbtdr0McBTFfifn8D', NULL),
(205, 'Hossam M. Mohamed', '$2y$10$6kEJSWAYHmWWAI9umEySK.yIcyHnlg0uEi/0wx54L39nZZaWVk1ku', 'hossam.sanhoury.7@gmail.com', '01092554342', 'al salam city', 'deactive', 'client', NULL, '2017-06-17 04:50:47', '2017-06-17 04:50:47', 'ezLZHJlPS69KKCsTSLJ64lYxqFE6GO4p0vFfXFxMtgDMhOBfd2ObSPUvpqHt', NULL),
(206, 'Nashwa Mahmoud', '$2y$10$kC02H99t9PEXpGTwnCwGoeQIsiUL4nHlwR/rC81lz3hyIk2K2wkSe', 'n.m-shosho@hotmail.com', '01091330436', 'el maadi el gdeda', 'deactive', 'client', NULL, '2017-06-17 10:11:54', '2017-06-17 10:11:54', 'Dxz7aCDOuY0YowfXt7vRbXBK3ywxgKSM3NiGYvlYYzXCEllfINSb7JElzBfz', NULL),
(207, 'هشام الصرفي', '$2y$10$BbKuJQVgjGmPhAHhEyycXOfpvLYmDkhuWiX3rgzW04xA/bbyUakbO', 'phoon_mann@yahoo.com', '01223448576', '56 elmohamdea', 'deactive', 'client', NULL, '2017-06-17 14:14:43', '2017-06-17 14:14:43', 'uixDDHP7AqM4regkLdne0YUVoUEbsIOlBOHGbcFqoYSbSSvQYXGRS6aNbzdM', NULL),
(208, 'Âćć Häđý Ğăbŕ', '$2y$10$Wepzd3AoQD907WNt8VkIqOanNOKNt/k/yo22VJZKwj8xZPxL5yywm', 'hadygabr01122499927@gmail.com', '01122499927', 'hadygabr01122499927@gmail.com', 'active', 'client', NULL, '2017-06-17 16:09:37', '2017-06-20 18:02:53', 'Kh5d1G8Bk5Yc9Agol53YRCHYxnoV8ufGEcAGGIqH1elwZsb1VdcqeSCIQvzx', NULL),
(209, 'Taison Salah', '$2y$10$N8Sv0K9UFIe2068LxzeZselsCzMiXQCvt2827qRtKHo9rTgYXrFXm', 'Taisonalia@yahoo.com', '01279207588', 'Tanta. Egept', 'deactive', 'client', NULL, '2017-06-18 00:44:34', '2017-06-18 00:44:34', 'VnILY7yBxHOOBYJhiUqQbgkpLSbbvnV2OIU58MDMuxs72fEylUapdlF4WVKW', NULL),
(210, 'Mina Moner', '$2y$10$BZS1XRqG.P/yatEovRrLU.AveUMTOc6UOQJu1GTIIdoNrdhjRZMoG', 'mina20042010@yahoo.com', '01203286615', 'dermwas..alminia', 'deactive', 'client', NULL, '2017-06-18 15:29:51', '2017-06-18 15:29:51', 'tPhww5gJfvPukKB1POiBY3duZO2vggRRGXx8srhr8Q6AEmfsLdR8xZWfbUpd', NULL),
(211, 'hala abdelwhab', '$2y$10$sTwkz4DjL.VnlkquK9FaQunuFKcuUX1omhFC2jbe12qTatWZVufei', '3mha1510@gmail.com', '01126312713', '15 may city ', 'active', 'client', NULL, '2017-06-18 22:11:56', '2017-06-20 12:43:24', 'FDDFk0GnOOXLNmCKD3q0p02nOAJvJygVr9uUG4Df5sIjc2iT6tDGNi2twk66', NULL),
(212, 'Yasmine Saif', '$2y$10$CPzoDmQQFlJ7r9rh7wWROeZV5jmi/ucA7qZh7VMUaemFTEHAY2o1S', 'ys.meno00@gmail.com', '01093322507', 'Al obour city', 'active', 'client', NULL, '2017-06-19 02:51:14', '2017-06-19 03:04:32', 'Mi3hd9mucT1qoG5pxSNXlGhYOk7Bajjg35hAgraeFa4BfPUfS6ZmqTN2PvxI', NULL),
(213, 'Andro Samir', '$2y$10$tQKqZNL7oWy16pEopOwQaOvwPwKZOfJgyU0e05zQqO1uJWosVzjbS', 'androsamir00@gimal.com', '01225421075', 'androsamir988@Yahoo.com', 'active', 'client', NULL, '2017-06-19 17:03:26', '2017-06-19 18:07:59', 'eBusghFPW1FqRA7bQB1Nm9oxkb4wdeubcnmYZcGuPI8zzzKdh3Stmz9tVadZ', NULL);
INSERT INTO `users` (`id`, `username`, `password`, `email`, `phone`, `address`, `active`, `type`, `logo`, `created_at`, `updated_at`, `api_token`, `remember_token`) VALUES
(214, 'Beshoy Bemn', '$2y$10$SM.3y6XjFnsDSir0KUxJfeDFLvTOoKrsqnn8HiBmuGKO9SPJ1Lloa', 'Brakat.moner@com.gma', '01223864733', 'Brakat moner', 'deactive', 'client', NULL, '2017-06-19 17:04:34', '2017-06-19 17:04:34', 'ipP2p658pyMTLkDP7rj7n1hC7kaOxoso0bCg47ZlVb2tCrNSlrbs6M1VGyvA', NULL),
(215, 'Sally Abouhendia', '$2y$10$m71BPQgwIbk1tz8OdDzGVeay/m0vr.HRpwP5y2N2nDXbAnWWvBXzG', 'tottyy90@yahoo.com', '01011158558', 'elbitash alagmy alex', 'deactive', 'client', NULL, '2017-06-20 02:50:29', '2017-06-20 02:50:29', 'aZLdhJ8qxySxpVh8iK1M3r2XsHgHjiXUGjpKZANgWA4CqYKIHesOoNTOemcR', NULL),
(216, 'Hany Abo El Eez', '$2y$10$EjKA5Zcq9p8BNRp83a93be2QCXMqmVYahr1d/L2pb3KkUaVjq9AA.', 'handy_gopa@yahoo.com', '01281959401', 'anshas elraml sharkia', 'deactive', 'client', NULL, '2017-06-20 07:07:22', '2017-06-20 07:07:22', 'Xns6Vx1M3JhGguSpfJ8HFrxliGOTajGgZSwEMAeE8PZlGjHPNzuhdg6WeopK', NULL),
(217, 'Sayed Mohammed', '$2y$10$KkO07.hlYsCARSpg..02J.aehEU4aspFUKvkqxFQr87MTP20l0Nly', 'sayeddode75@gmail.com', '01140404075', 'moneb Gaza ', 'deactive', 'client', NULL, '2017-06-21 18:15:12', '2017-06-21 18:15:12', 'qkSBg0dtyj28IMSJEh0UZZSQICNFixj85dPX7GdkoOBeUEz7qflneJutD2pF', NULL),
(218, 'احمد همام', '$2y$10$68hR1gik3Hp27DxXTlsp5e84SWuRSa4JLjEa83BBIAWz0dBmoXqz2', 'Ahmedhamam8492@yahoo.com', '01006241585', 'ain shams Al ', 'deactive', 'client', NULL, '2017-06-22 10:58:26', '2017-06-22 10:58:26', 'pMI95u4gXS6D58VqjXX3ejNk6LfplJHONSyMhxIAWgXm5McV7khPzyS3fJXC', NULL),
(219, 'ماما نونا', '$2y$10$zmX5HgYALlRIpZ20SPQY2uNQBO..HDPDG0dtYkl.kBeIEkTehwTAK', 'miss.egypt333@yahoo.com', '01117011455', 'cairo.maadi', 'deactive', 'client', NULL, '2017-06-22 22:26:46', '2017-06-22 22:26:46', 'jLJ2EANUcBY5DFl21vvNwMMVukqk8zXytsNXKOL6zaIeBlrSoXsTYVBOIdsf', NULL),
(220, 'Doody Dior', '$2y$10$XZq9hNSWf4Tmy1qpO7fAbOw5f41dJW0ucdXE8veawolj7XhOgd/oq', 'doody.dior25@gmail.com', '01068529345', 'Suez elslam city', 'deactive', 'client', NULL, '2017-06-23 12:09:12', '2017-06-23 12:09:12', 'jreAQFLme4VXgV50KI7X53E8YRJpcMoVCHdDKX27jUMTTeuJEKNSXY6rtMiJ', NULL),
(221, 'Mohamed Abdul Mageed', '$2y$10$w3ueWMOOQM/2IoWtNmBPEeBznE2cpMtjJqftYPnATgKOg46lHZrX2', 'm.abdulmageed93@gmail.com', '01011666936', 'بلبيس الشرقية', 'active', 'client', NULL, '2017-06-24 09:49:53', '2017-06-24 09:54:33', 'muskcjnUK6sB2dvPxFNTDs2Pzz1SwoNSPdONJ7kNBnQIWm3erkcVlLCmmDLR', NULL),
(222, 'ahmed fathy', '$2y$10$W26t03RjVKGMP8Kw1CeXW.lMfelJbHRHt/QpxiJZjOLOego4iVQM2', 'ahmed_fa_abozaid@yahoo.com', '01025557011', 'egypt - Alexandria ', 'deactive', 'client', NULL, '2017-06-25 05:32:53', '2017-06-25 05:32:53', '1CbJQJeLhqC8WSzfcRmDRLUREAOhYl2i47xbRDU5dI5fKzcbXiKdzW83qzoT', NULL),
(223, 'Doha Chahine', '$2y$10$obtXPVlb/Py15vB9JYN7HejuhAFyD/nGgHZY1AFp5iOkq7R4YIKva', 'doha-shaheen87@hotmail.com', '01227357797', 'new cairo, rehab city\n', 'deactive', 'client', NULL, '2017-06-25 12:27:23', '2017-06-25 12:27:23', 'EXqZsOPDQwrg8TwKM8j14wY1ERQbLE3PuOoJcMLBMnYBqe9azcVyxWxLpWL9', NULL),
(224, 'Ahmed Farghaly ', '$2y$10$OzSDIWOrtVhQA2j0DAIK1OfW0ovTs2vlGH04dEispvf/JG.WpIbH6', 'negm_elgel@yahoo.com', '01002883306', 'negm_elgel@yahoo.com ', 'deactive', 'client', NULL, '2017-06-28 00:47:02', '2017-06-28 00:47:02', 'GjM7uRWwYRYOniaxLGer0R18NBUACMAtbPGRRZrbRHrFaymiLcn8nQFQxitm', NULL),
(225, 'm.farouk', '$2y$10$9qYjrwWJQuOzR1O46hOoX.6Un.ycOmQDvqkq9tmqEooxUqIiJaKpu', 'max3d2d@gmail.com', '01112666991', 'glad\ngiza\nelharam giza\nelharam giza\n square ', 'deactive', 'client', NULL, '2017-06-29 20:14:46', '2017-06-29 20:14:46', '3bvICByVs6JhNLM0vO6JNzLpdT0H6lU6aCINOj5U0Uq4WxQqB79Lc3O1v6N4', NULL),
(226, 'Maryanne Maurice Wasif', '$2y$10$Mp.5liQRKFaWDFEXh2P/ZOZYSqmWfT.16XauM6W51Rq.3MvtfttQ.', 'Maryanne.wasif@hotmail.con', '01208881786', '15أ ش الدكتور إبراهيم ناجي شبرا ', 'deactive', 'client', NULL, '2017-07-01 08:02:36', '2017-07-01 08:02:36', '8a4yWzIYugYnSOUpEHFPXYQrc93HZRd7eDwwNjsQtvXQSHHEE6Hiamk4X2Zh', NULL),
(227, 'Khaled Hosni', '$2y$10$0OLvtk385uLMIhkTYvKaueGMiZYK06V6ygrR7QSwjF0bkujkm8Y9m', 'khhokhho3@gmail.com', '01224230899', 'Port said Egypt ellanche 3', 'active', 'client', NULL, '2017-07-01 15:40:17', '2017-07-01 15:45:11', 'f2Agv4zkNVz488NtLAlzAaOw9ubZC0PtyW3tO6IEwlnUClY2O3trWZhKTXQS', NULL),
(228, 'Khaled Mohamed', '$2y$10$r1oNrDXef0LZrfWLnW/Fe.7D6P39mTKbaXSLYf.Znd23ET9c86Bfa', 'khaled.shaban132@gemil.com', '01111174916', 'egypt cairo', 'deactive', 'client', NULL, '2017-07-01 15:43:29', '2017-07-01 15:43:29', 'hG3ZrBlVqSt5yXmEZs4rTEOa2JbJYcsA8cxO9c1zOtEcATwKhqr2wFmkLbkW', NULL),
(229, 'Waled Kaper', '$2y$10$u3gKhG8BSQbUB8sI0JWpbONE3oNsuYZy45hYFL/bxY2EXy7ZcClTS', 'waled_sharaf2000@yahoo.com', '01007073960', 'القاهره\n26 شارع الترعه التوفيقيه عزبة النخل\n', 'deactive', 'client', NULL, '2017-07-01 20:51:36', '2017-07-01 20:51:36', 'kf5Ein6TJisxtY5PuYBORNXNheKQVn9UtkSBVOnTsMwYLEWkeFnJqZPVz43w', NULL),
(230, 'rabab Maher ', '$2y$10$1yx6s.LMaeRx350E/Jd2MOCMDCWV9KNr6SIDKPuBqmfrckbfC9iG6', 'Cloudwhite618@Gmail.com', '01277304107', 'Mohamed farid St. ismailia ', 'active', 'client', NULL, '2017-07-02 02:33:06', '2017-07-02 04:08:09', 'pPwIMiJoQoVuZKNgmPIFdzO8AVuazyM9o1ljiX0FrtHBG6DtkFGhpoKME1LQ', NULL),
(231, 'Nada Adel', '$2y$10$agXjQgzsss3g.kDPjLblz.7eNTaSLBE0aJxg8ifzBD7.hWex141R6', 'nadoda52002@yahoo.com', '01026454182', 'Giza hdayk el Ahram', 'deactive', 'client', NULL, '2017-07-04 23:14:04', '2017-07-04 23:14:04', 'hFxSOukIUe1gzQT2RfCYS2t0utXiazhUQIT1biiVhgskOL8Hr9ezPeP3MLp9', NULL),
(232, 'Muhammed Osman', '$2y$10$ehb4WaS65KUnI.ARkzStPuVRY7y/FGV3zYp0IINkLpzMK7fg72dia', 'mohamed@diamond-apparel.com', '01013140392', 'faisal,giza', 'active', 'client', NULL, '2017-07-05 19:01:22', '2017-07-05 20:09:17', 'xMr6LWxvFoX2ePuQVEAmqNFCaazH1zs8PAIr1ts2XhHm9eU6gMlgONBWZpM4', NULL),
(233, 'Sarah Sayed Ismail', '$2y$10$nLFYunzgOEs91x7PZeRcEuKtUUaP1Rb9BYxwzQF.c7Zvdb2tNQ7j2', 'saso_307@yahoo.com', '01002939471', 'الجبل الاصفر الخانكه قليوبيه ', 'deactive', 'client', NULL, '2017-07-07 00:50:23', '2017-07-07 00:50:23', 'xJA5ygiXGd539xDQSdpwADCVFnoRa1Wdu1Ip5LXHLYFGD2Y8eveAyRjLSPvM', NULL),
(234, 'Shehap Mohamed Ismail', '$2y$10$8G4pBey8M7Afbdf4CkbNsurIZ8Cb7YmFTx.VHcVaQs0b9VxUl.LMC', 'shehap91@hotmail.com', '01002886308', 'cairo el gabal el asfar', 'deactive', 'client', NULL, '2017-07-07 13:39:12', '2017-07-07 13:39:12', 'A2r7DDQL0vsomqGyli1qoOxjMi4FTC6ppmNc2ePtLRWSf3aqYDRbnoVqTT4q', NULL),
(235, 'Mohamed Kazak', '$2y$10$CNbP1JhJD.JxIrMQmyFDzuhr0nrcsC5V5lANxebaK9GtcnQsQhlve', 'mado_kazak@hotmail.com', '01001002326', 'elamria Alexandria ', 'deactive', 'client', NULL, '2017-07-07 13:44:32', '2017-07-07 13:44:32', '99YjTmoxHNdFzSV7v8oyNyZdkKXQ30mLMxuwiI1GVWhfyCkdEAa08CapUCQn', NULL),
(236, 'Amir Mohamed Alii', '$2y$10$6J/FzUUW1izij91JZ9NeQ.YPEtVquERT9QQBsBWlOirZ2EgvVeJM2', 'amir_alii55@yahoo.com', '01112605252', 'shobra elkama', 'deactive', 'client', NULL, '2017-07-07 13:53:46', '2017-07-07 13:53:46', 'z4z3fBzLZPgi6KYtArdEMqjfGSI03Dt71XmeD4aqKpToZAL4JUniZF6JL2uV', NULL),
(237, 'Ahmed Hangra', '$2y$10$VXYxopnzXv/l8VZXNzeUUOxuSBqftCw6lPBgAsxX5EFPxCz93/zJm', 'adel.dodo97@yahoo.com', '01110294170', 'الزاوية الحمراء', 'deactive', 'client', NULL, '2017-07-07 14:06:54', '2017-07-07 14:06:54', 'dKQYh4dM0P1BO284FnCa38DrC7zC6TK0I9Y6mwvnnUCOAxzcw1ECZdiGScWF', NULL),
(238, 'Mostafa Hamdy', '$2y$10$1YgpApLq2k68N9C5azqZvuciy2sfg93mFuGiC.khFEnAcD3fDMhVu', 'mostafa_aam@yahoo.com', '01149535666', 'bab el shahrya\nbab el shahrya\ncairo\n', 'deactive', 'client', NULL, '2017-07-07 14:22:07', '2017-07-07 14:22:07', 'lQm9NRollAinwQg0rrscEcKLlvXmGchzx8ZHcDORMxgDoZPDpdwbybTPU6RH', NULL),
(239, 'Abdelmonem Aly', '$2y$10$h8ONqqSxd0zjBXKF39GG2up/AH1WVBMt2AFq.IziE.Ce6jKOUd9oq', 'abdelmonemaly887@Yahoo.com', '01014600001', 'shpra masr\nshopra masr', 'deactive', 'client', NULL, '2017-07-07 15:53:35', '2017-07-07 15:53:35', 'EnEm5DiTJnY2wv55tlen4K21bvXr4vX4lMRuIUnEKErBB2Ou6KmK5bxtv2QH', NULL),
(240, 'nour gmal', '$2y$10$vpEDg4gMrd9dq.RI0Dtfp.yURaM6oeycdhFiXnnOowWGkiXTGnX6K', 'nour20106070@gmail.com', '01117941437', 'المرج الجديده', 'deactive', 'client', NULL, '2017-07-07 22:06:59', '2017-07-07 22:06:59', 'nfgTDEle2DkR0QKtTmMMtX9YjD7ijQLOMb3EtSQ8U5q3hCf8GiivxLBMSR89', NULL),
(241, 'ابو محمد', '$2y$10$G1WC51YkKKhL55LzF3VvwOnQO7B3ubZanUw.uagWUmo4HoO6NzN7.', 'midogomaa090@gmail.com', '01158886874', 'شبرامنت جيزة', 'deactive', 'client', NULL, '2017-07-08 00:26:02', '2017-07-08 00:26:02', 'EDnNNA1hV65B1F2Xn3pa5L3QrfOxvvdxy8bgokLhzmTW5snzCma5kgktSJWa', NULL),
(242, 'Sara Sayed', '$2y$10$X.fSZJqdWehBysRf.v5nOeAC88zWgOHKd9P58lIiCTZeuoWA1zcsa', 'sarasayed78@gmail.com', '01003466347', 'shoubra 142 gear elbahr', 'active', 'client', NULL, '2017-07-09 02:17:45', '2017-07-09 05:31:47', 'gEmufZtDG6Ml7r9icHEWEi3xJg2NnUxWw2Iprd2NtedW9i7iRIFLpcJsOZpR', NULL),
(243, 'Ahmed Reffat', '$2y$10$VR3P6Jm0Tlk5/YBjKrFvk.RX4vBdtbPFJ98yHdPHxMPSvRHdH.Z4C', 'ahmedreffat206@yahoo.com', '01156511666', 'aswan Cornish Neil', 'deactive', 'client', NULL, '2017-07-09 08:51:02', '2017-07-09 08:51:02', 'KbTMNLqUpBCa9cZSP3K1ijl4qfn52Tq5WtNxTfjrjxQM3i3b01L6iQpgp7zN', NULL),
(244, 'Fady Hana', '$2y$10$/YmWxAsGjwsa37OkbDxsZODHbdrt0IYcF0twxrmAFy5ZPKqxzhKsK', 'fady_2025@yahoo.com', '01276358389', '01276358389', 'deactive', 'client', NULL, '2017-07-09 21:44:20', '2017-07-09 21:44:20', 'Z4rvxtO3ZTaiS8BodJpznyrZkI3oU9wPLmjxiaxof7JU0qvANiHobcuOA5vv', NULL),
(245, 'Ahmed Hoka', '$2y$10$zis9FreHwRrp5SXQMUjfUurM43wLrmzRIUrK52sullPV105RZp/vm', 'ahmed2020.hoka@gmail.com', '01202824281', 'ismailia egypt', 'active', 'client', NULL, '2017-07-11 13:35:09', '2017-07-11 13:40:53', '0tUIYszPgjufsYFH8dZBV3o9vh21w8sObv1xvX3uoY48lHxaNnOPkmY7B2Ev', NULL),
(246, 'ابراهيم شنودة', '$2y$10$mjdMJvicmtyY3Q3KBLFgru6s8crknMkuy7WeLLNn4RS1wCKXK.2k6', 'ibrahem@Yahoo.com', '01125787646', 'najae hamadaa\n\n\nnajae hamadaa\n\n\n\n\n', 'deactive', 'client', NULL, '2017-07-12 10:25:26', '2017-07-12 10:25:26', '5sqsKM9p9y1OLYWN01mdx6hHCeSCMFcCo2TGaZhgdWqTVqj598eLbalbBrTW', NULL),
(247, 'ahmed hamdy', '$2y$10$zynBnmemb5kagg11O5kDKuF/M3SuP.AjVf9znzK3g.jYltdV28LSG', 'a.hamdy.be4em@gmail.com', '01004482024', '٧ ش البحرين أمام ماكدونالدز الميرلاند', 'deactive', 'client', NULL, '2017-07-13 08:48:09', '2017-07-13 08:48:09', 'ENYOpwLbtVtnWUL7yPvlZ1xZanU8T9xKvwQdWf4b6hRGmEd2KYuMHzOF8iXy', NULL),
(248, 'Mukesh Chudasama', '$2y$10$8lxEe/Of8OOxXL.cvg28Nu9TtlymLIIXxDOp7s7sHBlVw8IcuRKJu', 'Organsewing@gmail.com', '09879036885', 'haveli chok paliyad road. botad', 'deactive', 'client', NULL, '2017-07-13 13:19:32', '2017-07-13 13:21:50', 'YvPa088TDXIVxDeF1Zafd0xNIvP9AJSZMlvdk0kmXcy0P1sNjs1sOJVrMB5y', NULL),
(249, 'Moulan Rouje', '$2y$10$ux/U3.VYp8k.KWaLBNV.iuuCxE/TEE9z/c/uXgYboqWqYyVT4XjnW', 'moulanrouje@gmail.com', '01006593388', 'Egypt/Dumyat', 'active', 'client', NULL, '2017-07-13 19:47:12', '2017-07-13 19:54:19', 'kzIBDs66E7WzdNrFUPw07K2gxr6XAdMAGMGsntMPSTd9mMwQfI4W13VSTf2h', NULL),
(250, 'კანა დაში', '$2y$10$CKtz.3iIaBEOBfyAQfvqEepH3J/kd7VxGhExwR2NGxOrhAY5gvwWq', 'nn0663330@gmail.com', '01140771805', 'شارع المسجد مدبنه التعاون شبرا الخيمه ', 'active', 'client', NULL, '2017-07-15 09:19:03', '2017-07-15 09:23:35', '2R1ZP8M5frFr2x6z4Fbul3r4sAN2tValgeanI02zcaLpvTeP1Iu2APN8jCq5', NULL),
(251, 'احمد بلال', '$2y$10$0pzfA6b61fLK3q62CuvZr.0.KhicgTMiUJf9iJKm4dQob/yIP77Qi', 'ahmedalhelw49@gmail.com', '01064973427', 'الإسكندرية ', 'active', 'client', NULL, '2017-07-15 11:22:16', '2017-07-15 11:22:59', '4jw92xTxFgNP9bUsoT2sXjcGSviAP6GX7AKbMxvLcIVWSaccUuCSbf4Z08cw', NULL),
(252, 'Elcoutsh Abo Judy', '$2y$10$kq4WDgHok8t/XsvBQXE4WOaAP77XAD2xKoCIqnuK96nfrJeR7XURO', 'elcoutsh@gmail.com', '20503751352', 'egypt   cairo', 'active', 'client', NULL, '2017-07-18 00:30:27', '2017-07-18 07:47:48', '08ToCMWUsZFROspw84l1U8RucJlrdwLewIvkt9gZc3X92hdsZ8fsKHieIcb2', NULL),
(253, 'Enas Wahdan', '$2y$10$Tt36SXUobAu0pvidLfI1xOPsGsoc1cu2YFJjVnPPfdmOTQ0sYMVzq', 'anosa_16@hotmail.com', '01208389811', 'gamal abd elnaser ges elswes', 'deactive', 'client', NULL, '2017-07-20 05:36:51', '2017-07-20 05:36:51', 'XfVwSNVf2sHOXegFPs3vOvEUrCxguE2tIvZHvnSMNZS11TS848v3dz5YEoBU', NULL),
(254, 'Ameer Almoosa', '$2y$10$HZrJeofKB3VRIEOXvmI1wuO6RrZMU3EY6AQhHVB2FZHgFqohm.i72', 'mohammedaboulhassan158@gmail.com', '07705646146', 'Iraq - Basra', 'active', 'client', NULL, '2017-07-21 13:29:01', '2017-07-21 13:31:14', 'PNw10TQZ4OspcAHICb3NL7mVUaz1ExUtR2FrPeVOvpSuU1zCUlbWZ7Rer5QB', NULL),
(255, 'Andro Aldwely', '$2y$10$uFH8l8XnqomPnVU4rcHEVOarW5oWPQ8mwI494PJXejdYNWb9cTVti', 'Aldwely33@emil.con', '01280740679', 'aldwely\naldwely', 'deactive', 'client', NULL, '2017-07-24 11:24:15', '2017-07-24 11:24:15', 'mO4557uRnz5kwagWoYo8KNU9c4xAS0IaqDGWYNVt5TtSNQHy7HfglRDOOJc3', NULL),
(256, 'enasabdelbary', '$2y$10$54d3EpN3JWzga7nfTiN/HuMVFiWPZtcQIK9kZDVVOi2umR.GRO1rm', 'enasabdelbary@gmail.com', '01025392880', 'damita\ndamitta', 'deactive', 'client', NULL, '2017-07-24 20:19:19', '2017-07-24 20:19:19', 'OchEi6zfvRid0mnQgPzEM6sH831B0ykPCegJcgxfCCRNd9sa4YevCiuemSpR', NULL),
(257, 'enasghoneam', '$2y$10$F7qQH.Y29b6dUn8g1JV8Hu1lI1ZpJeTPQRyxxo8giIwgpckEeiUp6', 'enasghoeam@gmail.com', '01009835398', 'newdamitta damitta', 'deactive', 'client', NULL, '2017-07-24 20:24:17', '2017-07-24 20:24:17', 'iDBi0XgrejTRBVvHvGgUxAy6HpjEifUHm4Nnta5xqbEbXYUXmIsT9G74dCPu', NULL),
(258, 'enasabdelbary', '$2y$10$djBT0sWhCF6yRFhw77bKWOCNQBrUxXdoJ7fgFSn0TeHLNlIBBmBKS', 'enasghoneam@gmail.com', '01009835390', 'new damitta damita', 'active', 'client', NULL, '2017-07-24 20:28:18', '2017-07-24 20:53:09', 'yGHOBWPp6eGCgDeZOL9qaqB1h3SWDHDiZFVMr6HYVf6oEgrA1fU5eibqnaRD', NULL),
(259, 'Belal Mohamed', '$2y$10$nU2KnkaSqSHCXuKmlgl6Lel8Myv23FHiKfM8cPNf5xJCzE7HLdW6y', 'b.m.61091@gmail.com', '01062220784', 'hdhhdhddhdhdhdjd', 'active', 'client', NULL, '2017-07-25 23:48:29', '2017-07-25 23:49:25', 'vwUTHhvI1olXFR17AdlUZXhhSW6rKnWOnLD4obOx2I3RbOEB7cj0nOKasvN0', NULL),
(260, 'Hamsa Naser Naser', '$2y$10$OzgFFf1/5RBxZiiBDsc4Ou8sbeMZg.6jCraEsehWGYcR9luuwmtWS', '7masanaser@gmail.com', '01006447379', 'haram Giza egypt', 'deactive', 'client', NULL, '2017-08-01 11:47:47', '2017-08-01 11:47:47', 'DR8TN70K0NNKwhcHRFeTmx9kOY840UQwRIGsDCByfK6pBJqsp9AxYp1PM1tb', NULL),
(261, 'Ahmad Set Maryam', '$2y$10$CPhh9LJSFMYSaBvn5EHQtu6DCgeHaUJB87yqWXlUW9vZgrN/is15C', 'AhmadSet96@gmail.com', '01004553787', 'مدينة العبور', 'deactive', 'client', NULL, '2017-08-05 00:01:55', '2017-08-05 00:01:55', 'SWd5wMOcGZkKSoh4J2RBvazEoQhyVv1FVwIUQrYhMOKoOClMujvzN1g0fGs3', NULL),
(262, 'Rana Raouf', '$2y$10$C2.k1b.foDyr1Rm6S4mg0OQcB1JnaKeVYDwl.CT2s3pLE3T4m7/FC', 'ranaraouf1232015@gmail.com', '01150029008', 'Ghoraib-Zefta-El Gharbia', 'active', 'client', NULL, '2017-08-06 15:50:55', '2017-08-06 16:05:17', '2BhWRMQ9LrD1NbC6H2dNgXDJhee67nowZk8kUj7XqXM3GnE41jADaPZvfx84', NULL),
(263, 'الاحسان والرضا', '$2y$10$zhCTjFHo9K94iSnYx9lAFuUDMAfZLRLpfyWuwe37iDa4s3Res4KUW', 'asuoty28@yahoo.com', '01093603729', '01093603729', 'deactive', 'client', NULL, '2017-08-07 10:02:48', '2017-08-07 10:02:48', 'uxG8L5DPeoZFpjUGrXn9gRjfLRzT5wS838Ag1h0GrERm3W18he7ONSpBe0Ry', NULL),
(264, 'Mohamed Elghareb', '$2y$10$Al86Wgkr2jVwfjppCsXh8eO/SOSrSs2/XkDmCWcuKAQjN5n90gzHy', 'm.elghareb78@gmail.com', '01224009510', 'port said area 8 Belding 63 flat 20', 'active', 'client', NULL, '2017-08-07 22:48:59', '2017-08-30 22:18:18', 'ktS4sw5TXZ0mL3uRcs7q0xfAkBnZXdUbpffyQk2G3HPatXuqNv4qRzBCAe4v', NULL),
(265, 'بدر ابو عطيه', '$2y$10$bqqx5hgmF9nwcPtvewwNKuJ38l3c8Z9RWQ7grSbdKED8.Z5IuJlpO', 'bebooo_bebooo77@yahoo.com', '01202564057', 'caro gfxvvzcbnn', 'deactive', 'client', NULL, '2017-08-08 20:44:05', '2017-08-08 20:44:05', 'um9OQnEe23r69rzD8UA3apGOtJXAyCmnQrUIxtHOMMnqD0zcAT3n52pVarVR', NULL),
(266, 'Ali Hamdy', '$2y$10$G9Z1YC5ez41fqSrlwVTtAODthcLtHZrJlaX8PVEuPW3eH4YK74/Pu', 'alihamdy33077@gmail.com', '01017679004', 'sadat city_ egypt', 'deactive', 'client', NULL, '2017-08-11 12:41:18', '2017-08-11 12:41:18', 'ykZxIEpCBEgLxgAiM5PaPhjYZzfsIUnP0xFrNSuCJRFWu8m80rl8LZVPaaIw', NULL),
(267, 'غريب الغريب', '$2y$10$JBenAYijn3Sbj6e/XZbkFuJeAFFR/oUHc0s9S8Rr/D49q9Xi8E0sa', 'waled_tamam24@yahoo.com', '01009897906', 'Waled_tamam24@yahoo.com', 'deactive', 'client', NULL, '2017-08-12 14:39:57', '2017-08-12 14:39:57', 'c674n9mSTNGpUeptVFKzDgrhgWUzObMzD7IB1r9H7ok4ESH0e7cTK6jr8pxE', NULL),
(268, 'Zey Nep', '$2y$10$f6t8yrj5V4ClrtqLemJN/uPVgD/S1lvbGN7tvCUGiv3Skoi2qQIre', 'zezehawas@gmail.com', '01153335310', 'gizah badrashen ', 'deactive', 'client', NULL, '2017-08-13 10:07:21', '2017-08-13 10:07:21', '7Wb5cBkRTdOT18VXP2d3OOz4UvPSigP2hGwhkq8n0fQ4Hxm1be4mvoVJMLRB', NULL),
(269, 'Sh Mahmood', '$2y$10$gQdj6XZXAdq7saECFfIZpeAO35jBk1xAiAvpx4S64xhpsjt72vsCu', 'babygairl3@hotmail.com', '01018022114', 'mohandseen giza ', 'deactive', 'client', NULL, '2017-08-16 12:14:33', '2017-08-16 12:14:33', '6fpHwJAnMhstxzzt1LeLHArdcbulRDO8AoDUKNm6DkKExnPKMYA8sRP74hSQ', NULL),
(270, 'Rabea Moustafa', '$2y$10$pxmZXYb9t7alShseNfYrH.yLIOti/wurH4c7w2Ma4L/zNhKH5Xsg2', 'rabea.ezzo@gmail.com', '01018149369', 'mansoura aga ', 'deactive', 'client', NULL, '2017-08-17 16:07:42', '2017-08-17 16:07:42', 'xnYna10ZHiBADlUJKuohW45SKcNUyRb0DtJj0NNS0AGZjK1r41Dhd6MeoZxl', NULL),
(271, 'Adenuga Oluwaseun Mojisola', '$2y$10$xnuI.hSXtGOhrgkjpsg.OulEmh3TAlacA7b5lNUsW.pa3oMnvAU/q', 'adeseunmoji@gmail.com', '08160670970', 'ologuneru Ibadan', 'deactive', 'client', NULL, '2017-08-18 10:49:19', '2017-08-18 10:49:19', 'M9OHw00nrPdG2eSeoVJ5whSHk2nvH8a8FfYOKSvUQe4SZOCntXDb0fCs6RDU', NULL),
(272, 'Mohammed Hossam Saad', '$2y$10$3g..v/7EE4Nb0qzsXWcfXuOzKqjpRia9tTG8/bYgiHHzaSGqodfxO', 'hossamsaad1973@gmail.com', '01000767200', '345 teraa elgabal\n345 elzaitoun', 'deactive', 'client', NULL, '2017-08-20 02:57:45', '2017-08-20 02:57:45', '0cpMhGGrZgAsfaJIvgEZymNKZckaG0B4PJa65EQxaCbjVLgcpbmR5VbHzlaZ', NULL),
(273, 'Nour Alhoda', '$2y$10$4S4qXRFq5hfHtPlIy3wtEutsO1lAE8cjeJUnu2g17vKGVv3FKVksa', 'moatazmohamad1@gmail.com', '01014531833', 'moatazmohamad1@gmail.com\n\nmoatazmohamad1 @gmail.com\nmoatazmohamad1 @gmail.com', 'deactive', 'client', NULL, '2017-08-21 12:37:20', '2017-08-21 12:37:20', 'uvTRoCfInVyyhg9WN3x1luxL7NzRqUYaDJ8dsMVq7WyDEE8H0W3B8iO0HuOJ', NULL),
(274, 'Ahmed Ammar', '$2y$10$bm7.BlVozGKk.NL8LMTWF.3tbAA5/86eDoEuLdc2U2N0z/ITRMpda', 'ammar_922@yahoo.com', '01012889970', 'giza\ngiza haram no 18', 'deactive', 'client', NULL, '2017-08-25 19:43:47', '2017-08-25 19:43:47', 'jobh4LsH2L6vL0NBX6tyxnIjpcs4Kf3ktcrQK6GdpA1Of9igdjz0KGjmnBAj', NULL),
(275, 'yasser', '$2y$10$AacLdg4fRqHID5dWU7kxpu4RLLEyPg3/vRN7cr7s7hzvDpHOV.LE6', 'yasserosman51@hotmail.com', '01002122484', ' التجمع الخامس ', 'deactive', 'client', NULL, '2017-08-26 17:16:24', '2017-08-26 17:16:24', 'MTjdZmW3bfnKP5b88vcsnn4VtlA69us8biWGX5pGcpuoORCZ8unkvFKBGEwg', NULL),
(276, 'Mohamed Abdelmonem', '$2y$10$MlYyoST9CqYc.ka91eU8EepVaS01pOG1Ne5NkEENMNu7H/rN6VTmi', 'mabdelmonem.leoburnett@gmail.com', '01117330088', 'october city', 'deactive', 'client', NULL, '2017-08-29 15:16:50', '2017-08-29 15:16:50', 'kTOhB0bSw6tD3bkcn3YVnAtI6cRsilfCyg37pmTEphdyucd8cziULcy2lbQQ', NULL),
(277, 'ام البراء محمد', '$2y$10$3mBzChcLuLosSmRK8w6/MO2rOlYn5ckVavgYUn6X9OyRW/GAwuxpK', 'Baraawrokaya@gmail.com', '01023061470', 'elsalam city', 'deactive', 'client', NULL, '2017-08-29 16:15:35', '2017-08-29 16:15:35', 'PmEwg9LrqTBNJyqvYxz9XpXRT03PKZRe65IVBzO9AjA5p56OotuEaFhNFcfZ', NULL),
(278, 'مروه جابر محمد', '$2y$10$1UCkaDeZqhF4owdV7j9csOs19U04zlt73U2MH9xOeta6T65NS3EMq', 'mero_cat_2010@yahoo.com', '01224820010', 'الشرقيه الزقازيق', 'deactive', 'client', NULL, '2017-08-29 16:34:38', '2017-08-29 16:34:38', 'dy4UASGS6ekysE3G3o24NTn4pr6ZOVuPoMbdRAIYsPZRScoK7CmmP5FaAJEh', NULL),
(279, 'Noda Nona', '$2y$10$JuQQPMJi4pamUsjdauFM3uMN5PrkGQaCzCRzuEH3TWaGVSdnQVL4m', 'ahmed.saso17@yahoo.com', '01144412068', '4 shahin, s,mn ahmed gaber,s, shobra khima\nshobra', 'deactive', 'client', NULL, '2017-08-31 02:36:03', '2017-08-31 02:36:03', 'bN7CfLVnfZ1TmroAevwUp0DcM1CtjZbnnt5tGNwoFEEdwW1OPrdJz5zseVHL', NULL),
(280, 'Ahmed Adel', '$2y$10$wFS8hVN3Mt2kFJT.0RSVLu8KhLMA1W3ivkj8LKsxfqOgs8m9114Iu', 'falcon_eyes222@yahoo.com', '01118989185', 'falcon_eyes222@yahoo\n\nto \nalmtarea \n\n', 'deactive', 'client', NULL, '2017-08-31 19:53:29', '2017-08-31 19:53:29', 'tNIJUYnfCC4pB2LnGUgzyNx1pRF74QX6y4GKz0RnJQJWtOrpWV7847W5oI4b', NULL),
(281, 'سالم حامد', '$2y$10$qZUCSefrWib6zasQHvCJAeTu2N67G2fwclP/15FcrYv4ZOObqvH76', 'salemhamed27@yahoo.com', '01155516986', 'salemhamed27@yahoo.com ', 'deactive', 'client', NULL, '2017-08-31 22:16:01', '2017-08-31 22:16:01', 'Slrua969sDakKxsBx76kXbxsKaqWtIAkhrP5mXG9nTyk2BZJkV5QRtDyB5l6', NULL),
(282, 'Fady Samir', '$2y$10$1kPTNTGRVtfbx4hzETUS4O8GRwZsbKx6hoJI9bDyLGs1NyZTcJKQy', 'fsamir2030@gmail.com', '01222884469', '\ntanta egypt\n', 'deactive', 'client', NULL, '2017-09-01 23:03:29', '2017-09-01 23:03:29', 'ZLeDH3TvYXvOZAiPSb7qAwJOEgDWbWroM3qSQ6yZhpTXNsbKbEFPiYSMe8vD', NULL),
(283, 'Mohamed Ahmed', '$2y$10$5cvxJuDVHf/bqwU5kD0FQ.K5uwtxoJ4CmnpsXkIoD/B3/Bht.QCpG', 'mido198427@yahoo.com', '01144871465', 'mido198427@yahoo.com', 'deactive', 'client', NULL, '2017-09-01 23:10:23', '2017-09-01 23:10:23', '8LNXwQ9z7cyKck1jn4OSzez3MbTrOt8yKFKrHa9x4xS1dvY0D4YoPCNSUhsw', NULL),
(284, 'Mohamed Magdy Abdo', '$2y$10$xPTYDDGLf7ZlmmChv/KZKu4B7wKxMZet9xR9RQx87/Hnn/Vo4OpPq', 'king_cabu2008@hotmail.com', '01149932229', '\n45 Amin El Gendy St. Ain Shams', 'deactive', 'client', NULL, '2017-09-02 00:58:44', '2017-09-02 00:58:44', 'hov7hSyrASFpljGy2WGk0wQInlm29Hc6bskHgDDOPw1m1yDbyuOI1VhX49bS', NULL),
(285, 'hamdy', '$2y$10$ridv.0cPrqx1RXUuEuBq7uzxNT0t/vb3HDOZX3mDVE.FqvkFpLVpW', 'hamdysheded@yahoo.com', '01129207272', ' جمال عبد الناصر جسر السويس', 'deactive', 'client', NULL, '2017-09-02 05:48:00', '2017-09-02 05:48:00', 'YzvmzQzmdQ3qC8afbl3n6YwgO49XGx6YAjOsDj1rwll0Uhk5Wzn6P0Lr7qDz', NULL),
(286, 'Ahmed Youssef', '$2y$10$dX0HCckQKWe8UUFtQdwlbeZvUH/YpVGhH5G2XTzYoh6afjqCf6NF6', 'ahmedsbird@yahoo.com', '01207566577', 'Maadi - Cairo', 'deactive', 'client', NULL, '2017-09-02 07:43:30', '2017-09-02 07:43:30', 'ucdcW1LJeTJc5IEJL4FjJJeGJTck8wDHQBdhal3XZvLOZK3EDsZZcKWLP3Gh', NULL),
(287, 'Ahmed Mohamed', '$2y$10$E9IPPfjMfC.OstFUuYtziu8BfeswBNxTEzrY6VRxl79usDPj2W5qC', 'ahmedsaeed1798@gmail.com', '01116579929', 'رشيد محافظه البحيره ', 'deactive', 'client', NULL, '2017-09-02 21:06:15', '2017-09-02 21:06:15', 'Y4IDBpg2jIYRMSUPQp07CdUKLN9zAMsqDNIFL9RIYMf4S9CUaBD1GggLdnYp', NULL),
(288, 'ياسر ابو انس', '$2y$10$VHHOxcfOfVAdOLUxd50DOOrnTDF2k7sqDmkyfpFnyxv88YnefM45K', 'eljokerfashon@gmail.com', '01226149666', 'eljokerfashon@gmail.com', 'deactive', 'client', NULL, '2017-09-02 23:41:48', '2017-09-02 23:41:48', 'fqQv4FLZZzhbJs8t736bOwusLCNUzTXPVdtvxxI0K3Gp4pbg8oFqfvUNjHsW', NULL),
(289, 'Mahmoud', '$2y$10$.a82UDRmgdv1DtZoCkbnQ.PunS6RuV8U3Em0/P3xa4/TYoOu/N5mq', 'mbeheiry@gmail.com', '01008070010', 'Nasr City, Cairo', 'active', 'client', NULL, '2017-09-03 00:35:00', '2017-09-03 00:36:46', 'N3RnIEeMggDM4uCmcK2pGLGTNSiRIrwcwThaZnwanA7YZz0CwvGk36PapGFW', NULL),
(290, 'Ghada Ibrahim', '$2y$10$etFFaBtGM7HR1C0JGc1rUuQHionbCbAjSnY8IcgU9jvxuIgDnVmku', 'Ghada.ibrahim69@gmail.com', 'teerentahwa', 'Egypt\n\n\n\n\negypt', 'deactive', 'client', NULL, '2017-09-03 10:41:47', '2017-09-03 10:41:47', 'IRetSy39euEUk2ET8D5tHojPDSpqlwpk400RiqtMcPlDEKMCh0m3nKJmMeWv', NULL),
(291, 'الترزي العقاد', '$2y$10$rJRAqavD0lBWw/Emq.pP2.SmD7/.28LZalC9G9jmGxQcjpHKQxWTW', 'ana201426063@gmail.com', '01143751877', '01143751877', 'deactive', 'client', NULL, '2017-09-03 22:49:57', '2017-09-03 22:49:57', 'kOz5G13AW5ipMbjv5QdKdRKv8zZBNMYeUzgEEPGxdbsjtqg6mdv5VGdVh4rW', NULL),
(292, 'Hamada Bakr', '$2y$10$ApEmiV.tWWrpylxgj.P7wuylKY1bnwY9IvJxFzlGKtHmjiaaiR6WO', 'caphamada@yahoo.com', '01000880090', 'caphamada@yahoo.com ', 'deactive', 'client', NULL, '2017-09-04 08:38:48', '2017-09-04 08:38:48', '1zvDAiGy9f2qzK7wLGgpp4CKEkrizfEYD47dTwHoTBBbcDg7pTO7BmJ0qClG', NULL),
(293, 'Salwa Gaber', '$2y$10$NpRdJCxLv.Cdx3Lsun2.LenfeKAx1ORjJhk1JNjuChDvKUsyB3dN6', 'salwa.Elhariri2015@gmail.com', '01211183307', '66moharem bek street ', 'deactive', 'client', NULL, '2017-09-04 09:57:31', '2017-09-04 09:57:31', 'wpK5XQcaJONvXm62T3nSesG1CrzornQ4OsB2qsh1WZfBaTbV7wVrO4YafosD', NULL),
(294, 'Zainaeb Abdeen', '$2y$10$..egpFDuAbL2mVaIfOEudeSXBVr7EDYyFEZoXiBszDcQgdUeevO3G', 'zainebabdeen3@Gmail.com', '01111924651', 'مدينة نصر القاهرة', 'deactive', 'client', NULL, '2017-09-04 11:31:07', '2017-09-04 11:31:07', 'C2dU3DgY6Er5aqKMzotDRqZumYAPrOcxkMnCa9f938GyjZyfPoKTewnTZNoh', NULL),
(295, 'حازم صيام', '$2y$10$uHdGonu.dFlA0PRdM2ysEeL4BpARaU6l6XISiH.KNieS76jGm7r4q', 'geo_seyam@yahoo.com', '01144794212', 'ابوحمص.  البحيرة', 'active', 'client', NULL, '2017-09-04 18:57:38', '2017-09-06 17:44:17', 'AVe01UTDAm0dTaotmgSoFdid6X3FCqTm5P2vu1jrhp43YCE8BVKnDqsCyqAj', NULL),
(296, 'Amel Mohamed', '$2y$10$5FTIxqhbnenFkPLlYUcu2eOeYXsddqX9f5517D6nlTMpx.nI1A3nu', 'amalashraf2027@gmail.com', '01226864432', 'mohandseen\nmohandseen', 'deactive', 'client', NULL, '2017-09-04 19:23:13', '2017-09-04 19:23:13', 'MrMbVMhegM4L8U4wRI65yEf43AN0s8MkcEFIVYrSn3fONIeZT8p2qYDMJ4op', NULL),
(297, 'Mohamed Elshahat', '$2y$10$KvjoN1jL4JAzc7G0xbDFgeEsq2sAbpf/oQRuL/9yPP4F/w8fDe43u', 'm.elshahat42@Gmail.com', '01024481160', 'belbis / elsharkia', 'deactive', 'client', NULL, '2017-09-04 19:25:24', '2017-09-04 19:25:24', 'wpgquryiELhc5CUm4kOr821oIwwXBRILA3PTUsfkH69igqeBUjxA5DJM9B4R', NULL),
(298, 'AlZahraa Gomaa', '$2y$10$rc9Edd9WiIfaJT1IoRp3PeE5pzm5RwpfqNCoXH1Spuo1BE9zKlPCC', 'alzahraa_gomaa@yahoo.com', '01208045910', 'albuhira Edku ', 'deactive', 'client', NULL, '2017-09-05 07:28:19', '2017-09-05 07:28:19', '8WayRRe615LY3AX46J4JVh8hyYABxgRhXbzf4qEpeAKKd0QnXs8eKXxnkRRu', NULL),
(299, 'Mohamed Mossad Khalifa', '$2y$10$Zctl7HrIBXeeGFKz3nsJy.VJLSvcgEO4Yuqv4gsh728OFFINikPx2', 'mmossad79@yahoo.com', '01284668932', '23 ain shams- Cairo ', 'deactive', 'client', NULL, '2017-09-05 17:12:28', '2017-09-05 17:12:28', 'E4rdM86xCPcAcQv3NpDkVm8CWLnkjHMG1KT5am5WiEc7sNM0oLN8tkQVBcPG', NULL),
(300, 'Amany Taha', '$2y$10$pyO9NaKfuTPqqu.l1MxE/egdd6vZh68.MJWUr98t8bR1LuPNGmuT2', 'lovely_monmon2011@yahoo.com', '01018080015', 'zagazig el sharkia', 'deactive', 'client', NULL, '2017-09-05 21:21:10', '2017-09-05 21:21:10', 'QISr55MkQlvrhZTITbGReZAiWLrmxRUiEOKsftVYkj8YJ5QGAsDM4MaSObo2', NULL),
(301, 'بشرة خير', '$2y$10$ysvrTwVwnW2Qk5uGsIY2S..SHMaJ297d1OwKPdQFgCiyma/hZntB6', 'malakhafez213@gmail.com', '01122020770', 'cairo_ Elmady. Horia street', 'deactive', 'client', NULL, '2017-09-06 21:52:36', '2017-09-06 21:52:36', '6bAmWIFO4Kv4pVD1mkfnmVaaYbxaUVEFU1CGumybRkXJ3lnvJ6e7Yiw3sjdf', NULL),
(302, 'Hanooda Hanooda', '$2y$10$yUAk.S1p510Kuuy5OeHGBOm.NDkTc2qgC9QVsXw0RPIuSTAAViBSu', 'Dhn180@yahoo.com', '01207020807', 'Hvvbbfdsszfmbhh bujkkk', 'active', 'client', NULL, '2017-09-07 11:29:28', '2017-09-07 11:30:01', 'uLtCsJwJ33trV4jLnDrbCrop6p4GYKznpaswzqXLX9Z9fLjMYJv6fKdugO9I', NULL),
(303, 'محمد البنان بترونست حريمى', '$2y$10$LABF89Ookbq4Z8wgcaacp.he9MMS97ZFDV8lzJA0Z6ZV6B2pDcNpC', 'medoselim6@gmail.com', '01280025077', 'cairo egypt gesr elswas', 'active', 'client', NULL, '2017-09-07 23:22:28', '2017-09-07 23:34:44', 'qg2g7ggv3FDQPP44E3v7BE8VrwoeYPJ8c6au3Td5ndi5vwb7BJbs8wwa7ctH', NULL),
(304, 'Ahmed Zezo', '$2y$10$1MhNQP5LLRx6sUCjo0UHmOoNPGJ2DEQEjvbdQOUrXUL.gDayTGGv2', 'zezo24ahmed@gmail.com', '01005635297', 'موسسة الزكاة المرج', 'deactive', 'client', NULL, '2017-09-11 12:06:58', '2017-09-11 12:06:58', 'bzw2WYwhpI9l2hcuKwGG0zin1dJJIjFdLuHWpWggP5a38iDXrAWxiO170TYn', NULL),
(305, 'Walaa Ziad', '$2y$10$yYPK0UkQZEI83uOdTelZNuVLQif.10ehRmBT/VmJ93emy0QXlbweS', 'walaa.ziad.wz@gmail.com', '01272222696', 'مصر الجديدة', 'deactive', 'client', NULL, '2017-09-12 17:25:16', '2017-09-12 17:25:16', 'tvtT5OdHuBCTclkZ2mh0OcfHIqz3kyv1FjsYB3VHSW6PkVQJu2ZTGocjTo1J', NULL),
(306, 'Mohamed Hussien Hassan', '$2y$10$AGLrjAR4MFU3oUBu3nRbr.Ag5La//A.YrBXea81LxvEdAaO7z2IcO', 'mohamedshbeta8@yahoo.com', '01091760610', 'Egypt - qena', 'active', 'client', NULL, '2017-09-13 00:37:32', '2017-09-13 00:37:50', 'mVrXlPDyzdGkeRLrZRoGzUe5vRw5RGEYJ0QMHOBeWjpQTc8I5zkMqVYQ391v', NULL),
(307, 'Abdo Gad', '$2y$10$FzboX38TalFZ2RY.BflApuv8JdGSRjXGb16P9x4KrO9yKEufjE2vS', 'a_gad44@yahoo.com', '01017124671', 'Egypt \nEgypt ', 'deactive', 'client', NULL, '2017-09-13 07:36:48', '2017-09-13 07:36:48', 'p6fYLRyCl9ZrY2Z1mY43Fd3BIhud9QSfUSdRco6ZGIcICoNJcNLCCzcNi3k1', NULL),
(308, 'وائل عامر', '$2y$10$MfjwGRWbfQrZcZ/qbiVRQuboKz/3q5GUvV.jkP/mLvvdSrJPkX/dO', 'waelamer709@gmail.com', '01007007081', 'almahala eygpt', 'deactive', 'client', NULL, '2017-09-14 04:20:39', '2017-09-14 04:20:39', '63S368zeqG87SVbzTWwSZjdjvQrUKJkSPXMERocJZa2kJB1H6bP4OY1Cdua6', NULL),
(309, 'Mohamed Hasanin', '$2y$10$DF6blEQ4BOR9USFENu.57.VSr78mAMZP7wkQ6n9odhRpGffCfoBHW', 'mohamedhasaninhamama@gmail.com', '01116633696', 'المريوطيه فيصل ش المنشيه الرئيسي اما معرض سيراميك كليوباترا الدالي', 'deactive', 'client', NULL, '2017-09-15 21:48:45', '2017-09-15 21:48:45', '2rXip3cFevriyby15pjBVNmm1triHxTrhyIsphGNqS1gJhfNM7ZssPJJdhJe', NULL),
(310, 'Mennah Kelany', '$2y$10$0yEk9PeNzAEoU6IsMz7jKOQ9EK2V4dJ2jGH9Tbgz9wZhHD/21UKUm', 'mkotb4466@gmail.com', '\n114466983\n', 'red sea hurgada', 'deactive', 'client', NULL, '2017-09-17 22:49:25', '2017-09-17 22:49:25', 'vZEHgsXbcTJWdxi7nwHty6ql8qd3vIA4HxxsSR2ydlaoi4B7ASoZ2QFgC0pW', NULL),
(311, 'Ahmed Elbessy', '$2y$10$Hg.795mzvKXqZ6fa8xoatusyKlvuqcMLKHJH2jjFjLu9lwLOJLGOW', 'paylessbage@yahoo.com', '01008128185', '٤٤٠طريق الحريه . رشدى .الاسكندريه', 'deactive', 'client', NULL, '2017-09-23 11:54:26', '2017-09-23 11:54:26', 'f2xx05JN9VfpiHUUhDQtJYaieXt3zzQug1YRSmtOrddUZ3GP3t1sL3ovvfwK', NULL),
(312, 'Samah Mohamed', '$2y$10$eP2OrCZv14PojEwj6F2Te.Qe6rLGzgiw56wlC2BY8zc9IQDk1qZwO', 'samah.m93@yahoo.com', '01095671747', '6 October el giza', 'deactive', 'client', NULL, '2017-09-24 15:31:04', '2017-09-24 15:31:04', 'LR98Jbib0mx8ALGpR4mXWlnpZ9NHnetdjH5YqdweIydW8twgq6mCp2egy6Z0', NULL),
(313, 'Mohamed Galal', '$2y$10$1lPk11TKEG2rO3/1sRTVnuXDGqb2wPBQT7hYoPH2STGfPns.A0Sfu', 'mohamedgalal5454@gmail.com', '01099117484', 'Sharqya zagazig borden', 'deactive', 'client', NULL, '2017-09-25 16:26:10', '2017-09-25 16:26:10', '1VAAZnMd5FalSfaTes9oC1K3DyIJFlUTQAC8GkD2kyyyjV00BIuptt98I1pw', NULL),
(314, 'Bassel Ghonim', '$2y$10$VhkmsQ7ac0RXwBizKr.5TOl9d0h68FRMkOakS9ZLP2UohZo2GtcKG', 'Bghonim@hotmail.com', '01000578606', 'manoufia / Egypt ', 'deactive', 'client', NULL, '2017-09-26 01:54:03', '2017-09-26 01:54:03', 'zuyjXIhWY4QclD6HdxFfJytvJoBKLUescDkdwZtgOZH8qch1o32RdL0tAqDY', NULL),
(315, 'Safeya Essa', '$2y$10$7E5sQG62JFfZuBGNGiGVW.MR0f8ZoGdaUrgsxmTG/E2QYNg3W6Y9O', 'safsaf_essa@hotmail.com', '01003954410', 'gasr alswes cairo\n', 'deactive', 'client', NULL, '2017-09-27 16:42:05', '2017-09-27 16:42:05', 'LIjhfJKkrNy7iOeGiSh9dbt3AVLY8hDhsDBAc9wwtDc1hbKFkf8bAVJ87Won', NULL),
(316, 'Ahmed Seada', '$2y$10$a7IhwmKbZ2OWCd2VaEd2G.0kw7BvGclQk5TvnFsjhrur3r0rhnHhC', 'Ahmedseeda371@gmail.com', '01020609371', 'new Damietta _Damietta ', 'active', 'client', NULL, '2017-09-27 21:11:22', '2017-09-27 21:21:50', 'Z9wOlPjbPglMhKKGMVxfKM2NDeXQKR9o2jZkEU6HqIcv45vxghjvP61sKpl4', NULL),
(317, 'Nareman Nasser', '$2y$10$Z6WSiJmR/QeOCTSwJeaqZuFdlfEG6Be7uYC8jwwlua26fkXEVWOae', 'nareman.nasser92@yahoo.com', '01003622878', 'Faisal -alharam', 'deactive', 'client', NULL, '2017-09-29 05:29:30', '2017-09-29 05:29:30', 'oFak6EG7jKqcTGi80spPsbUxsBWVgEbYThzt2UjKeCnB2pZNkcaVTzvvLUFR', NULL),
(318, 'sayed ngm', '$2y$10$Gsrma4chxBmQCnADbhl3COWSfrv2D3xy.f.feJxC1Fwn241TEbVnK', 'awladngm@yahoo.com', '01126843551', 'شارع العروبه', 'deactive', 'client', NULL, '2017-10-03 22:25:48', '2017-10-03 22:25:48', 'dMZ6tVVo9jF9tTlRY5DV1IDeXf1QbCRRja67974uu1cgz6I7gshEcBVtJKbS', NULL),
(319, 'Hajar Sorour', '$2y$10$MtvrJcuz0uonov2/lsJC6eRNbHEKKaWXY98f7oLU16Qn400HRhX1u', 'hajarsorour9@gmail.com', '01061977141', 'Egypt shiben elkom', 'deactive', 'client', NULL, '2017-10-05 08:10:33', '2017-10-05 08:10:33', 'zLvkYFH9hbw0I9ydRZqQbBXQwNOAaeUSVODgkNjZ1XGfq2HI7WkIarfcqgIv', NULL),
(320, 'Sara ELsherif', '$2y$10$NZzwSyciJ.qQnicrG9jaiuQTEiELwakNG5bC.9AvfNyJbNHWBBrlW', 'sara.saso2210@yahoo.com', '01123366057', '10ش العاشر من رمضان', 'deactive', 'client', NULL, '2017-10-10 06:13:24', '2017-10-10 06:13:24', 'wIeHZzFLgiSYEE8CGHM9PWVNFVPDOmybQyF63Lat0Z0ZSYVFwZKOJliA4tje', NULL),
(321, 'Ayhan Gül', '$2y$10$TMAYRMAEZ3gfNp2S33IpF.h2f26AcbnNRrtoYUK13rRXRsQqEIpOu', 'ayhangulmalatya@gmail.com', '05399449363', 'Sancaktar mah.Aytac sok.3/2 Malatya', 'active', 'client', NULL, '2017-10-11 05:58:47', '2017-10-11 06:00:14', 'tZnkuhVMimgUEz4Tys4xKAgdDnXjARsEG4iPabyIHQFsAdGXiW9POBZKGLE4', NULL),
(322, 'ZeZee Oozoo', '$2y$10$XsVqWdRurOF2p.SRKM8w9ecm7Cro4WeciW/CDmbHbbZCqW.57HByq', 'kokeshaheen1984@yahoo.com', '01062767765', 'zagazeg Sharia\n', 'deactive', 'client', NULL, '2017-10-14 17:26:20', '2017-10-14 17:26:20', 'a6MwArQ0RiNfEtEzFdihsbCmpVhfDuOL4Etx4JEBSiXpqhjEOfK1rL32cguT', NULL),
(323, 'Alaa Agami ', '$2y$10$jwbZRLULBb61Q8cwoAhNKepnIYsWvNM5Bul6KF/LDrH4XJeS2qmDS', 'alaaagami60@gmail.com', '01122531125', 'القليوبية مركز الخانكه', 'deactive', 'client', NULL, '2017-10-20 19:30:49', '2017-10-20 19:30:49', 'y8ASoZ7JhkAXbV6DdoNU866LTCrcEK2B8f1ch7V3g7iDqkvdy7f8QYQTCjvG', NULL),
(324, 'أمانى فوزى', '$2y$10$zMpB5LHUEuNjeabvFTCGMuYUAFWIsM.V1/pv.6bxHiO0KzbNzmXbi', 'noo213ur@gmail.com', '٠١٠٠١١١٤٩٣٨', 'مصر الشرقيه', 'deactive', 'client', NULL, '2017-10-21 04:24:33', '2017-10-21 04:24:33', 'tGBfAYmEUSlR9U2TrB0sBdt6kUT7wZGf0kAaiChoYG2Ni0gtVzUk0wEhbO6T', NULL),
(325, 'Bino Koyo', '$2y$10$IhtbURONIiBQ6WTDCWgbiexes6X9WUiJ9VJg7SbxL069zsuFYnR1G', 'Biksayed@gmail.com', '01125295130', 'Egypt/giza\n', 'deactive', 'client', NULL, '2017-10-21 08:28:24', '2017-10-21 08:28:24', 'p1qLAmejsr97F0ZeIzwpmtd5DfFp0xNY21445Wy1dDUcwen54p8FX4WLBCLR', NULL),
(326, 'Barbara Jackson ', '$2y$10$kTOtbklcU3KcljZYjdYKle3rcMfr4vfFkW3dLZwW0QeSFOLVlKj1e', 'bjackson9410@gmail.com', '18704893194', '1003 Golf View Dr \n1003 Golf View Dr ', 'deactive', 'client', NULL, '2017-10-22 01:18:47', '2017-10-22 01:18:47', 'ykudqBqhqQ3zwx8WqvI9gkiDKEaXstA6vsj792tKqJNtOMVpNaJlhjMGxBmO', NULL),
(327, 'Basma Khaled', '$2y$10$vZ0DLHNCLvOjFYrA44HIUuynBoHlVGQilf6yLYfskpY0/PI6ChdNy', 'basoma_okhbbm@hotmail.com', '01225610410', 'hadayaa el ahram', 'deactive', 'client', NULL, '2017-10-22 09:18:56', '2017-10-22 09:18:56', 'BQwS3s7dVMOARZkP6X4WjwnWMFBOH6cvxyNcbet4hJIMom9riyStQyCNs8ZG', NULL),
(328, 'Omar Ahmed', '$2y$10$dYGtJ6GKC2wtaZt2S6GpfeQ9JS3NJvfzEagvuaIO0KERgUqVjFyKG', 'loka.my.love24@gmail.com', '01068880398', '10th of ramadan', 'deactive', 'client', NULL, '2018-02-09 19:42:52', '2018-02-09 19:42:52', 'R31bsDLrAqnjcRnUFDOG3wRfHFdYM695eiEM7AUek5CGDYClVBCAWKTDwxw2', NULL),
(329, 'Akrm Harb', '$2y$10$lPA0ANgC6DCxvmFKcBtmpunvlsSBExqhz3EQ04hoJ/24yIlrbdC8u', 'akrm9harb@gmail.com', '01228579605', 'egypt port said atout street', 'active', 'client', NULL, '2018-02-10 17:42:59', '2018-02-10 17:53:02', 'a9SiQXXWbBS5P3qw7zqfT9DcLnPJSZkHDdYjCggOlitMhVVueEH3CZeo2mPB', NULL),
(330, 'Mâhmôưd Khâlêḍ', '$2y$10$1Ej3265BXKi2P8YTf5oExei.B5b2fKq0Wk7KPFSn5i7BP6Ni/5bZS', 'ttoto330@yahoo.com', '01224175773', 'شارع علي محمود شبرا الخيمة', 'deactive', 'client', NULL, '2018-02-13 18:34:42', '2018-02-13 18:34:42', 'NqRg4WQQewgBrujONeJfeNsbr3zCOwb0Nd5apCxJajxOrACy0r1ACcbb8YB6', NULL),
(331, 'ايمان عبدو', '$2y$10$RW42qmWWNe9rTWbBDifxye1qowEdE.KaNE/iQXG6tk6gUZVq2ZPgm', 'emyemoo99@Yahoo.com', '01014296888', 'مضر محافظه بنى سويف  ', 'deactive', 'client', NULL, '2018-02-14 15:23:51', '2018-02-14 15:23:51', 'T3idj2oaKZVxuUUvs55AESBlUN0QpRv65QVQx0a4PASfQRbVcYW4ID9dwF63', NULL),
(332, 'خالد النفري', '$2y$10$vKNYiRfONORgTaQmHbVfrOjZ3R9LqNWMVJNnUNf7VS39p4Vf9L3oW', 'khaledelnafary@yahoo.com', '01271593772', 'شارع الهرام', 'deactive', 'client', NULL, '2018-02-15 17:56:26', '2018-02-15 17:56:26', 'VXQdeq0fEeNNhO3Lk7unjWEA6rBymbubDfOoEQvJFSDl3wOJfCkbxiSrUnC3', NULL),
(333, 'Ahmed Maher Sultan', '$2y$10$ft07k.ijJyxgEKZubJJNveZUfQNGzWhjXfYHGi9/vRHlAp7CI2Gay', 'a_y_tlcom@gmail.com', '01141021001', 'الجيزة مدينه الحوامديه', 'deactive', 'client', NULL, '2018-02-17 23:05:04', '2018-02-17 23:05:04', 'wluxnPp10cfV5fDursZ0pycaZwU9qu5UO0wBZ2OTfoGH0yUN9oEE5N9AFA6S', NULL),
(334, 'MǿşTąfǎ Kãmêl', '$2y$10$BDvYNHSa3qb.QN0T2NSMZuUajwcj9r9gFNArlx2mFudpRQyoumSri', 'sunshander@gmail.com', '01015756262', 'mostafagsjsjsjs', 'deactive', 'client', NULL, '2018-02-19 22:36:50', '2018-02-19 22:36:50', 'aZR1jh0fiTqZpgswKorV3bBv1II2JmrlkMZ9KttJHfHTS8OYCvzst5Sk0Zgi', NULL),
(335, 'Zahir Khan', '$2y$10$Yy4Ozrdr52KE7REuTynwiuySDrpCxl4ZVDwPjInkKvOjqdNB/hEny', 'Zahirkhan09727@gmail.com', '\n8866724565', 'Bhadkmora Hanuman mandir gidc vapi ', 'deactive', 'client', NULL, '2018-02-23 04:22:37', '2018-02-23 04:22:37', 'J697pXldUjMzr4PoY4iaEIEL7BP2rDKaAdKegH1FG8ZUlWh72PUOToQxxxTr', NULL);

-- --------------------------------------------------------

--
-- Table structure for table `users_token`
--

CREATE TABLE `users_token` (
  `id` int(11) NOT NULL,
  `tokens` varchar(255) NOT NULL
) ENGINE=MyISAM DEFAULT CHARSET=latin1;

--
-- Indexes for dumped tables
--

--
-- Indexes for table `Offers`
--
ALTER TABLE `Offers`
  ADD PRIMARY KEY (`id`);

--
-- Indexes for table `orders`
--
ALTER TABLE `orders`
  ADD PRIMARY KEY (`id`),
  ADD KEY `fk_orders_users_idx` (`user_id`),
  ADD KEY `fk_orders_orders_status1_idx` (`current_status_id`);

--
-- Indexes for table `orders_items`
--
ALTER TABLE `orders_items`
  ADD PRIMARY KEY (`id`),
  ADD KEY `fk_orders_items_orders1_idx` (`order_id`),
  ADD KEY `fk_orders_items_products1_idx` (`product_id`);

--
-- Indexes for table `orders_status`
--
ALTER TABLE `orders_status`
  ADD PRIMARY KEY (`id`);

--
-- Indexes for table `orders_status_dates`
--
ALTER TABLE `orders_status_dates`
  ADD PRIMARY KEY (`id`),
  ADD KEY `fk_orders_status_dates_orders1_idx` (`order_id`),
  ADD KEY `fk_orders_status_dates_orders_status1_idx` (`order_status_id`);

--
-- Indexes for table `products`
--
ALTER TABLE `products`
  ADD PRIMARY KEY (`id`);

--
-- Indexes for table `setting`
--
ALTER TABLE `setting`
  ADD PRIMARY KEY (`id`);

--
-- Indexes for table `users`
--
ALTER TABLE `users`
  ADD PRIMARY KEY (`id`);

--
-- Indexes for table `users_token`
--
ALTER TABLE `users_token`
  ADD PRIMARY KEY (`id`);

--
-- AUTO_INCREMENT for dumped tables
--

--
-- AUTO_INCREMENT for table `Offers`
--
ALTER TABLE `Offers`
  MODIFY `id` int(11) NOT NULL AUTO_INCREMENT, AUTO_INCREMENT=93;

--
-- AUTO_INCREMENT for table `orders`
--
ALTER TABLE `orders`
  MODIFY `id` int(11) NOT NULL AUTO_INCREMENT, AUTO_INCREMENT=85;

--
-- AUTO_INCREMENT for table `orders_items`
--
ALTER TABLE `orders_items`
  MODIFY `id` int(11) NOT NULL AUTO_INCREMENT, AUTO_INCREMENT=190;

--
-- AUTO_INCREMENT for table `orders_status`
--
ALTER TABLE `orders_status`
  MODIFY `id` int(11) NOT NULL AUTO_INCREMENT, AUTO_INCREMENT=19;

--
-- AUTO_INCREMENT for table `orders_status_dates`
--
ALTER TABLE `orders_status_dates`
  MODIFY `id` int(11) NOT NULL AUTO_INCREMENT, AUTO_INCREMENT=6;

--
-- AUTO_INCREMENT for table `products`
--
ALTER TABLE `products`
  MODIFY `id` int(11) NOT NULL AUTO_INCREMENT, AUTO_INCREMENT=40;

--
-- AUTO_INCREMENT for table `setting`
--
ALTER TABLE `setting`
  MODIFY `id` int(11) NOT NULL AUTO_INCREMENT, AUTO_INCREMENT=2;

--
-- AUTO_INCREMENT for table `users`
--
ALTER TABLE `users`
  MODIFY `id` int(11) NOT NULL AUTO_INCREMENT, AUTO_INCREMENT=336;

--
-- AUTO_INCREMENT for table `users_token`
--
ALTER TABLE `users_token`
  MODIFY `id` int(11) NOT NULL AUTO_INCREMENT;

--
-- Constraints for dumped tables
--

--
-- Constraints for table `orders`
--
ALTER TABLE `orders`
  ADD CONSTRAINT `fk_orders_orders_status1` FOREIGN KEY (`current_status_id`) REFERENCES `orders_status` (`id`) ON UPDATE CASCADE,
  ADD CONSTRAINT `fk_orders_users` FOREIGN KEY (`user_id`) REFERENCES `users` (`id`) ON DELETE CASCADE ON UPDATE CASCADE;

--
-- Constraints for table `orders_items`
--
ALTER TABLE `orders_items`
  ADD CONSTRAINT `fk_orders_items_orders1` FOREIGN KEY (`order_id`) REFERENCES `orders` (`id`) ON DELETE CASCADE ON UPDATE CASCADE,
  ADD CONSTRAINT `fk_orders_items_products1` FOREIGN KEY (`product_id`) REFERENCES `products` (`id`) ON DELETE NO ACTION ON UPDATE NO ACTION;

--
-- Constraints for table `orders_status_dates`
--
ALTER TABLE `orders_status_dates`
  ADD CONSTRAINT `fk_orders_status_dates_orders1` FOREIGN KEY (`order_id`) REFERENCES `orders` (`id`) ON DELETE CASCADE ON UPDATE CASCADE,
  ADD CONSTRAINT `fk_orders_status_dates_orders_status1` FOREIGN KEY (`order_status_id`) REFERENCES `orders_status` (`id`) ON UPDATE NO ACTION;
COMMIT;

/*!40101 SET CHARACTER_SET_CLIENT=@OLD_CHARACTER_SET_CLIENT */;
/*!40101 SET CHARACTER_SET_RESULTS=@OLD_CHARACTER_SET_RESULTS */;
/*!40101 SET COLLATION_CONNECTION=@OLD_COLLATION_CONNECTION */;
